GROUP_SET,GROUP_VALUE,FGM,FGA,FG_PCT,FG3M,FG3A,FG3_PCT,EFG_PCT,BLKA,PCT_AST_2PM,PCT_UAST_2PM,PCT_AST_3PM,PCT_UAST_3PM,PCT_AST_FGM,PCT_UAST_FGM,FGM_RANK,FGA_RANK,FG_PCT_RANK,FG3M_RANK,FG3A_RANK,FG3_PCT_RANK,EFG_PCT_RANK,BLKA_RANK,PCT_AST_2PM_RANK,PCT_UAST_2PM_RANK,PCT_AST_3PM_RANK,PCT_UAST_3PM_RANK,PCT_AST_FGM_RANK,PCT_UAST_FGM_RANK,PLAYER_ID,FULL_NAME
Assisted Shot,Assisted,12,12,1.0,0,0,0.0,1.0,0,1.0,0.0,0.0,0.0,1.0,0.0,2,2,1,1,1,1,1,1,1,2,1,1,1,2,203500,Steven Adams
Assisted Shot,Unassisted,24,24,1.0,0,0,0.0,1.0,0,0.0,1.0,0.0,0.0,0.0,1.0,1,1,1,1,1,1,1,1,2,1,1,1,2,1,203500,Steven Adams
Assisted Shot,Assisted,139,139,1.0,37,37,1.0,1.133,0,1.0,0.0,1.0,0.0,1.0,0.0,1,1,1,1,1,1,1,1,1,2,1,2,1,2,1628389,Bam Adebayo
Assisted Shot,Unassisted,71,71,1.0,2,2,1.0,1.014,0,0.0,1.0,0.0,1.0,0.0,1.0,2,2,1,2,2,1,2,1,2,1,2,1,2,1,1628389,Bam Adebayo
Assisted Shot,Assisted,45,45,1.0,2,2,1.0,1.022,0,1.0,0.0,1.0,0.0,1.0,0.0,1,1,1,1,1,1,1,1,1,2,1,1,1,2,1630173,Precious Achiuwa
Assisted Shot,Unassisted,20,20,1.0,0,0,0.0,1.0,0,0.0,1.0,0.0,0.0,0.0,1.0,2,2,1,2,2,2,2,1,2,1,2,1,2,1,1630173,Precious Achiuwa
Assisted Shot,Assisted,52,52,1.0,24,24,1.0,1.231,0,1.0,0.0,1.0,0.0,1.0,0.0,1,1,1,1,1,1,1,1,1,2,1,2,1,2,1630534,Ochai Agbaji
Assisted Shot,Unassisted,10,10,1.0,2,2,1.0,1.1,0,0.0,1.0,0.0,1.0,0.0,1.0,2,2,1,2,2,1,2,1,2,1,2,1,2,1,1630534,Ochai Agbaji
Assisted Shot,Assisted,65,65,1.0,36,36,1.0,1.277,0,1.0,0.0,1.0,0.0,1.0,0.0,1,1,1,1,1,1,1,1,1,2,1,2,1,2,1630583,Santi Aldama
Assisted Shot,Unassisted,19,19,1.0,1,1,1.0,1.026,0,0.0,1.0,0.0,1.0,0.0,1.0,2,2,1,2,2,1,2,1,2,1,2,1,2,1,1630583,Santi Aldama
Assisted Shot,Assisted,3,3,1.0,1,1,1.0,1.167,0,1.0,0.0,1.0,0.0,1.0,0.0,1,1,1,1,1,1,1,1,1,2,1,1,1,2,1641725,Trey Alexander
Assisted Shot,Unassisted,3,3,1.0,0,0,0.0,1.0,0,0.0,1.0,0.0,0.0,0.0,1.0,1,1,1,2,2,2,2,1,2,1,2,1,2,1,1641725,Trey Alexander
Assisted Shot,Assisted,76,76,1.0,44,44,1.0,1.289,0,1.0,0.0,1.0,0.0,1.0,0.0,1,1,1,1,1,1,1,1,1,2,1,1,1,2,1629638,Nickeil Alexander-Walker
Assisted Shot,Unassisted,17,17,1.0,0,0,0.0,1.0,0,0.0,1.0,0.0,0.0,0.0,1.0,2,2,1,2,2,2,2,1,2,1,2,1,2,1,1629638,Nickeil Alexander-Walker
Assisted Shot,Assisted,54,54,1.0,37,37,1.0,1.343,0,1.0,0.0,1.0,0.0,1.0,0.0,1,1,1,1,1,1,1,1,1,2,1,2,1,2,1628960,Grayson Allen
Assisted Shot,Unassisted,13,13,1.0,3,3,1.0,1.115,0,0.0,1.0,0.0,1.0,0.0,1.0,2,2,1,2,2,1,2,1,2,1,2,1,2,1,1628960,Grayson Allen
Assisted Shot,Assisted,128,128,1.0,0,0,0.0,1.0,0,1.0,0.0,0.0,0.0,1.0,0.0,1,1,1,1,1,1,1,1,1,2,1,1,1,2,1628386,Jarrett Allen
Assisted Shot,Unassisted,25,25,1.0,0,0,0.0,1.0,0,0.0,1.0,0.0,0.0,0.0,1.0,2,2,1,1,1,1,1,1,2,1,1,1,2,1,1628386,Jarrett Allen
Assisted Shot,Assisted,32,32,1.0,6,6,1.0,1.094,0,1.0,0.0,1.0,0.0,1.0,0.0,1,1,1,1,1,1,1,1,1,2,1,1,1,2,203937,Kyle Anderson
Assisted Shot,Unassisted,28,28,1.0,0,0,0.0,1.0,0,0.0,1.0,0.0,0.0,0.0,1.0,2,2,1,2,2,2,2,1,2,1,2,1,2,1,203937,Kyle Anderson
Assisted Shot,Assisted,50,50,1.0,31,31,1.0,1.31,0,1.0,0.0,1.0,0.0,1.0,0.0,1,1,1,1,1,1,1,1,1,2,1,2,1,2,1630631,Jose Alvarado
Assisted Shot,Unassisted,48,48,1.0,12,12,1.0,1.125,0,0.0,1.0,0.0,1.0,0.0,1.0,2,2,1,2,2,1,2,1,2,1,2,1,2,1,1630631,Jose Alvarado
Assisted Shot,Assisted,104,104,1.0,5,5,1.0,1.024,0,1.0,0.0,1.0,0.0,1.0,0.0,2,2,1,1,1,1,1,1,1,2,1,2,1,2,203507,Giannis Antetokounmpo
Assisted Shot,Unassisted,168,168,1.0,3,3,1.0,1.009,0,0.0,1.0,0.0,1.0,0.0,1.0,1,1,1,2,2,1,2,1,2,1,2,1,2,1,203507,Giannis Antetokounmpo
Assisted Shot,Assisted,133,133,1.0,58,58,1.0,1.218,0,1.0,0.0,1.0,0.0,1.0,0.0,1,1,1,1,1,1,1,1,1,2,1,2,1,2,1628384,OG Anunoby
Assisted Shot,Unassisted,54,54,1.0,10,10,1.0,1.093,0,0.0,1.0,0.0,1.0,0.0,1.0,2,2,1,2,2,1,2,1,2,1,2,1,2,1,1628384,OG Anunoby
Assisted Shot,Assisted,26,26,1.0,20,20,1.0,1.385,0,1.0,0.0,1.0,0.0,1.0,0.0,2,2,1,1,1,1,1,1,1,2,1,2,1,2,1630175,Cole Anthony
Assisted Shot,Unassisted,29,29,1.0,4,4,1.0,1.069,0,0.0,1.0,0.0,1.0,0.0,1.0,1,1,1,2,2,1,2,1,2,1,2,1,2,1,1630175,Cole Anthony
Assisted Shot,Assisted,90,90,1.0,40,40,1.0,1.222,0,1.0,0.0,1.0,0.0,1.0,0.0,1,1,1,1,1,1,1,1,1,2,1,2,1,2,1630166,Deni Avdija
Assisted Shot,Unassisted,63,63,1.0,8,8,1.0,1.063,0,0.0,1.0,0.0,1.0,0.0,1.0,2,2,1,2,2,1,2,1,2,1,2,1,2,1,1630166,Deni Avdija
Assisted Shot,Assisted,2,2,1.0,2,2,1.0,1.5,0,0.0,0.0,1.0,0.0,1.0,0.0,1,1,1,1,1,1,1,1,1,1,1,1,1,1,1631116,Patrick Baldwin Jr.
Assisted Shot,Assisted,12,12,1.0,1,1,1.0,1.042,0,1.0,0.0,1.0,0.0,1.0,0.0,1,1,1,1,1,1,1,1,1,2,1,1,1,2,1628963,Marvin Bagley III
Assisted Shot,Unassisted,5,5,1.0,0,0,0.0,1.0,0,0.0,1.0,0.0,0.0,0.0,1.0,2,2,1,2,2,2,2,1,2,1,2,1,2,1,1628963,Marvin Bagley III
Assisted Shot,Assisted,42,42,1.0,34,34,1.0,1.405,0,1.0,0.0,1.0,0.0,1.0,0.0,2,2,1,1,1,1,1,1,1,2,1,2,1,2,1630163,LaMelo Ball
Assisted Shot,Unassisted,51,51,1.0,12,12,1.0,1.118,0,0.0,1.0,0.0,1.0,0.0,1.0,1,1,1,2,2,1,2,1,2,1,2,1,2,1,1630163,LaMelo Ball
Assisted Shot,Assisted,3,3,1.0,0,0,0.0,1.0,0,1.0,0.0,0.0,0.0,1.0,0.0,1,1,1,1,1,1,1,1,1,2,1,1,1,2,1628964,Mo Bamba
Assisted Shot,Unassisted,1,1,1.0,0,0,0.0,1.0,0,0.0,1.0,0.0,0.0,0.0,1.0,2,2,1,1,1,1,1,1,2,1,1,1,2,1,1628964,Mo Bamba
Assisted Shot,Assisted,17,17,1.0,12,12,1.0,1.353,0,1.0,0.0,1.0,0.0,1.0,0.0,1,1,1,1,1,1,1,1,1,2,1,1,1,2,1628366,Lonzo Ball
Assisted Shot,Unassisted,1,1,1.0,0,0,0.0,1.0,0,0.0,1.0,0.0,0.0,0.0,1.0,2,2,1,2,2,2,2,1,2,1,2,1,2,1,1628366,Lonzo Ball
Assisted Shot,Assisted,40,40,1.0,19,19,1.0,1.238,0,1.0,0.0,1.0,0.0,1.0,0.0,1,1,1,1,1,1,1,1,1,2,1,2,1,2,1630625,Dalano Banton
Assisted Shot,Unassisted,27,27,1.0,2,2,1.0,1.037,0,0.0,1.0,0.0,1.0,0.0,1.0,2,2,1,2,2,1,2,1,2,1,2,1,2,1,1630625,Dalano Banton
Assisted Shot,Assisted,28,28,1.0,3,3,1.0,1.054,0,1.0,0.0,1.0,0.0,1.0,0.0,1,1,1,1,1,1,1,1,1,2,1,1,1,2,1631230,Dominick Barlow
Assisted Shot,Unassisted,12,12,1.0,0,0,0.0,1.0,0,0.0,1.0,0.0,0.0,0.0,1.0,2,2,1,2,2,2,2,1,2,1,2,1,2,1,1631230,Dominick Barlow
Assisted Shot,Assisted,107,107,1.0,70,70,1.0,1.327,0,1.0,0.0,1.0,0.0,1.0,0.0,1,1,1,1,1,1,1,1,1,2,1,2,1,2,203084,Harrison Barnes
Assisted Shot,Unassisted,28,28,1.0,2,2,1.0,1.036,0,0.0,1.0,0.0,1.0,0.0,1.0,2,2,1,2,2,1,2,1,2,1,2,1,2,1,203084,Harrison Barnes
Assisted Shot,Assisted,84,84,1.0,14,14,1.0,1.083,0,1.0,0.0,1.0,0.0,1.0,0.0,1,1,1,1,1,1,1,1,1,2,1,2,1,2,1630567,Scottie Barnes
Assisted Shot,Unassisted,71,71,1.0,7,7,1.0,1.049,0,0.0,1.0,0.0,1.0,0.0,1.0,2,2,1,2,2,1,2,1,2,1,2,1,2,1,1630567,Scottie Barnes
Assisted Shot,Assisted,68,68,1.0,30,30,1.0,1.221,0,1.0,0.0,1.0,0.0,1.0,0.0,1,1,1,1,1,1,1,1,1,2,1,1,1,2,1629628,RJ Barrett
Assisted Shot,Unassisted,48,48,1.0,0,0,0.0,1.0,0,0.0,1.0,0.0,0.0,0.0,1.0,2,2,1,2,2,2,2,1,2,1,2,1,2,1,1629628,RJ Barrett
Assisted Shot,Assisted,5,5,1.0,0,0,0.0,1.0,0,1.0,0.0,0.0,0.0,1.0,0.0,1,1,1,1,1,1,1,1,1,1,1,1,1,1,1629646,Charles Bassey
Assisted Shot,Assisted,8,8,1.0,8,8,1.0,1.5,0,0.0,0.0,1.0,0.0,1.0,0.0,1,1,1,1,1,1,1,1,1,2,1,2,1,2,1641734,Emoni Bates
Assisted Shot,Unassisted,3,3,1.0,1,1,1.0,1.167,0,0.0,1.0,0.0,1.0,0.0,1.0,2,2,1,2,2,1,2,1,1,1,2,1,2,1,1641734,Emoni Bates
Assisted Shot,Assisted,67,67,1.0,51,51,1.0,1.381,0,1.0,0.0,1.0,0.0,1.0,0.0,1,1,1,1,1,1,1,1,1,2,1,2,1,2,1642419,Jamison Battle
Assisted Shot,Unassisted,7,7,1.0,2,2,1.0,1.143,0,0.0,1.0,0.0,1.0,0.0,1.0,2,2,1,2,2,1,2,1,2,1,2,1,2,1,1642419,Jamison Battle
Assisted Shot,Assisted,2,2,1.0,0,0,0.0,1.0,0,1.0,0.0,0.0,0.0,1.0,0.0,2,2,1,2,2,2,2,1,1,2,1,2,1,2,1631123,Jamaree Bouyea
Assisted Shot,Unassisted,4,4,1.0,1,1,1.0,1.125,0,0.0,1.0,0.0,1.0,0.0,1.0,1,1,1,1,1,1,1,1,2,1,1,1,2,1,1631123,Jamaree Bouyea
Assisted Shot,Assisted,22,22,1.0,1,1,1.0,1.023,0,1.0,0.0,1.0,0.0,1.0,0.0,1,1,1,1,1,1,1,1,1,2,1,1,1,2,1628396,Tony Bradley
Assisted Shot,Unassisted,7,7,1.0,0,0,0.0,1.0,0,0.0,1.0,0.0,0.0,0.0,1.0,2,2,1,2,2,2,2,1,2,1,2,1,2,1,1628396,Tony Bradley
Assisted Shot,Assisted,25,25,1.0,12,12,1.0,1.24,0,1.0,0.0,1.0,0.0,1.0,0.0,1,1,1,1,1,1,1,1,1,2,1,2,1,2,1631103,Malaki Branham
Assisted Shot,Unassisted,13,13,1.0,1,1,1.0,1.038,0,0.0,1.0,0.0,1.0,0.0,1.0,2,2,1,2,2,1,2,1,2,1,2,1,2,1,1631103,Malaki Branham
Assisted Shot,Assisted,128,128,1.0,28,28,1.0,1.109,0,1.0,0.0,1.0,0.0,1.0,0.0,1,1,1,1,1,1,2,1,1,2,1,2,1,2,1631128,Christian Braun
Assisted Shot,Unassisted,32,32,1.0,8,8,1.0,1.125,0,0.0,1.0,0.0,1.0,0.0,1.0,2,2,1,2,2,1,1,1,2,1,2,1,2,1,1631128,Christian Braun
Assisted Shot,Assisted,1,1,1.0,1,1,1.0,1.5,0,0.0,0.0,1.0,0.0,1.0,0.0,1,1,1,1,1,1,1,1,1,1,1,1,1,1,1641779,Jalen Bridges
Assisted Shot,Assisted,145,145,1.0,37,37,1.0,1.128,0,1.0,0.0,1.0,0.0,1.0,0.0,1,1,1,1,1,1,1,1,1,2,1,2,1,2,1628969,Mikal Bridges
Assisted Shot,Unassisted,54,54,1.0,3,3,1.0,1.028,0,0.0,1.0,0.0,1.0,0.0,1.0,2,2,1,2,2,1,2,1,2,1,2,1,2,1,1628969,Mikal Bridges
Assisted Shot,Assisted,124,124,1.0,56,56,1.0,1.226,0,1.0,0.0,1.0,0.0,1.0,0.0,1,1,1,1,1,1,1,1,1,2,1,2,1,2,1628970,Miles Bridges
Assisted Shot,Unassisted,73,73,1.0,8,8,1.0,1.055,0,0.0,1.0,0.0,1.0,0.0,1.0,2,2,1,2,2,1,2,1,2,1,2,1,2,1,1628970,Miles Bridges
Assisted Shot,Assisted,85,85,1.0,58,58,1.0,1.341,0,1.0,0.0,1.0,0.0,1.0,0.0,1,1,1,1,1,1,1,1,1,2,1,2,1,2,1628415,Dillon Brooks
Assisted Shot,Unassisted,46,46,1.0,5,5,1.0,1.054,0,0.0,1.0,0.0,1.0,0.0,1.0,2,2,1,2,2,1,2,1,2,1,2,1,2,1,1628415,Dillon Brooks
Assisted Shot,Assisted,41,41,1.0,14,14,1.0,1.171,0,1.0,0.0,1.0,0.0,1.0,0.0,1,1,1,1,1,1,1,1,1,2,1,1,1,2,1631232,Keion Brooks Jr.
Assisted Shot,Unassisted,11,11,1.0,0,0,0.0,1.0,0,0.0,1.0,0.0,0.0,0.0,1.0,2,2,1,2,2,2,2,1,2,1,2,1,2,1,1631232,Keion Brooks Jr.
Assisted Shot,Assisted,51,51,1.0,15,15,1.0,1.147,0,1.0,0.0,1.0,0.0,1.0,0.0,1,1,1,1,1,1,1,1,1,2,1,2,1,2,1628971,Bruce Brown
Assisted Shot,Unassisted,19,19,1.0,1,1,1.0,1.026,0,0.0,1.0,0.0,1.0,0.0,1.0,2,2,1,2,2,1,2,1,2,1,2,1,2,1,1628971,Bruce Brown
Assisted Shot,Assisted,54,54,1.0,16,16,1.0,1.148,0,1.0,0.0,1.0,0.0,1.0,0.0,2,2,1,1,1,1,1,1,1,2,1,2,1,2,1627759,Jaylen Brown
Assisted Shot,Unassisted,72,72,1.0,11,11,1.0,1.076,0,0.0,1.0,0.0,1.0,0.0,1.0,1,1,1,2,2,1,2,1,2,1,2,1,2,1,1627759,Jaylen Brown
Assisted Shot,Assisted,4,4,1.0,2,2,1.0,1.25,0,1.0,0.0,1.0,0.0,1.0,0.0,1,1,1,1,1,1,1,1,1,2,1,1,1,2,1641738,Kobe Brown
Assisted Shot,Unassisted,3,3,1.0,0,0,0.0,1.0,0,0.0,1.0,0.0,0.0,0.0,1.0,2,2,1,2,2,2,2,1,2,1,2,1,2,1,1641738,Kobe Brown
Assisted Shot,Assisted,14,14,1.0,0,0,0.0,1.0,0,1.0,0.0,0.0,0.0,1.0,0.0,1,1,1,1,1,1,1,1,1,2,1,1,1,2,1629650,Moses Brown
Assisted Shot,Unassisted,7,7,1.0,0,0,0.0,1.0,0,0.0,1.0,0.0,0.0,0.0,1.0,2,2,1,1,1,1,1,1,2,1,1,1,2,1,1629650,Moses Brown
Assisted Shot,Assisted,33,33,1.0,12,12,1.0,1.182,0,1.0,0.0,1.0,0.0,1.0,0.0,2,2,1,2,2,1,1,1,1,2,1,2,1,2,1628973,Jalen Brunson
Assisted Shot,Unassisted,74,74,1.0,18,18,1.0,1.122,0,0.0,1.0,0.0,1.0,0.0,1.0,1,1,1,1,1,1,2,1,2,1,2,1,2,1,1628973,Jalen Brunson
Assisted Shot,Assisted,51,51,1.0,43,43,1.0,1.422,0,1.0,0.0,1.0,0.0,1.0,0.0,1,1,1,1,1,1,1,1,1,2,1,2,1,2,202692,Alec Burks
Assisted Shot,Unassisted,7,7,1.0,3,3,1.0,1.214,0,0.0,1.0,0.0,1.0,0.0,1.0,2,2,1,2,2,1,2,1,2,1,2,1,2,1,202692,Alec Burks
Assisted Shot,Assisted,54,54,1.0,35,35,1.0,1.324,0,1.0,0.0,1.0,0.0,1.0,0.0,1,1,1,1,1,1,1,1,1,2,1,2,1,2,1630215,Jared Butler
Assisted Shot,Unassisted,53,53,1.0,8,8,1.0,1.075,0,0.0,1.0,0.0,1.0,0.0,1.0,2,2,1,2,2,1,2,1,2,1,2,1,2,1,1630215,Jared Butler
Assisted Shot,Assisted,80,80,1.0,16,16,1.0,1.1,0,1.0,0.0,1.0,0.0,1.0,0.0,1,1,1,1,1,1,1,1,1,2,1,2,1,2,202710,Jimmy Butler III
Assisted Shot,Unassisted,54,54,1.0,2,2,1.0,1.019,0,0.0,1.0,0.0,1.0,0.0,1.0,2,2,1,2,2,1,2,1,2,1,2,1,2,1,202710,Jimmy Butler III
Assisted Shot,Assisted,100,100,1.0,47,47,1.0,1.235,0,1.0,0.0,1.0,0.0,1.0,0.0,1,1,1,1,1,1,1,1,1,2,1,2,1,2,1641824,Matas Buzelis
Assisted Shot,Unassisted,29,29,1.0,1,1,1.0,1.017,0,0.0,1.0,0.0,1.0,0.0,1.0,2,2,1,2,2,1,2,1,2,1,2,1,2,1,1641824,Matas Buzelis
Assisted Shot,Assisted,29,29,1.0,13,13,1.0,1.224,0,1.0,0.0,1.0,0.0,1.0,0.0,1,1,1,1,1,1,1,1,1,2,1,2,1,2,1631288,Jamal Cain
Assisted Shot,Unassisted,13,13,1.0,3,3,1.0,1.115,0,0.0,1.0,0.0,1.0,0.0,1.0,2,2,1,2,2,1,2,1,2,1,2,1,2,1,1631288,Jamal Cain
Assisted Shot,Assisted,66,66,1.0,35,35,1.0,1.265,0,1.0,0.0,1.0,0.0,1.0,0.0,1,1,1,1,1,1,1,1,1,2,1,2,1,2,203484,Kentavious Caldwell-Pope
Assisted Shot,Unassisted,12,12,1.0,2,2,1.0,1.083,0,0.0,1.0,0.0,1.0,0.0,1.0,2,2,1,2,2,1,2,1,2,1,2,1,2,1,203484,Kentavious Caldwell-Pope
Assisted Shot,Assisted,104,104,1.0,57,57,1.0,1.274,0,1.0,0.0,1.0,0.0,1.0,0.0,1,1,1,1,1,1,1,1,1,2,1,2,1,2,1641739,Toumani Camara
Assisted Shot,Unassisted,24,24,1.0,1,1,1.0,1.021,0,0.0,1.0,0.0,1.0,0.0,1.0,2,2,1,2,2,1,2,1,2,1,2,1,2,1,1641739,Toumani Camara
Assisted Shot,Assisted,21,21,1.0,0,0,0.0,1.0,0,1.0,0.0,0.0,0.0,1.0,0.0,1,1,1,1,1,1,1,1,1,2,1,1,1,2,203991,Clint Capela
Assisted Shot,Unassisted,8,8,1.0,0,0,0.0,1.0,0,0.0,1.0,0.0,0.0,0.0,1.0,2,2,1,1,1,1,1,1,2,1,1,1,2,1,203991,Clint Capela
Assisted Shot,Assisted,18,18,1.0,9,9,1.0,1.25,0,1.0,0.0,1.0,0.0,1.0,0.0,1,1,1,1,1,1,1,1,1,2,1,1,1,2,1642382,Branden Carlson
Assisted Shot,Unassisted,7,7,1.0,0,0,0.0,1.0,0,0.0,1.0,0.0,0.0,0.0,1.0,2,2,1,2,2,2,2,1,2,1,2,1,2,1,1642382,Branden Carlson
Assisted Shot,Assisted,57,57,1.0,26,26,1.0,1.228,0,1.0,0.0,1.0,0.0,1.0,0.0,2,2,1,1,1,1,1,1,1,2,1,2,1,2,1642267,Bub Carrington
Assisted Shot,Unassisted,62,62,1.0,22,22,1.0,1.177,0,0.0,1.0,0.0,1.0,0.0,1.0,1,1,1,2,2,1,2,1,2,1,2,1,2,1,1642267,Bub Carrington
Assisted Shot,Assisted,13,13,1.0,7,7,1.0,1.269,0,1.0,0.0,1.0,0.0,1.0,0.0,2,2,1,1,1,1,1,1,1,2,1,2,1,2,1642269,Devin Carter
Assisted Shot,Unassisted,15,15,1.0,3,3,1.0,1.1,0,0.0,1.0,0.0,1.0,0.0,1.0,1,1,1,2,2,1,2,1,2,1,2,1,2,1,1642269,Devin Carter
Assisted Shot,Assisted,14,14,1.0,10,10,1.0,1.357,0,1.0,0.0,1.0,0.0,1.0,0.0,1,1,1,1,1,1,1,1,1,2,1,2,1,2,1628975,Jevon Carter
Assisted Shot,Unassisted,8,8,1.0,4,4,1.0,1.25,0,0.0,1.0,0.0,1.0,0.0,1.0,2,2,1,2,2,1,2,1,2,1,2,1,2,1,1628975,Jevon Carter
Assisted Shot,Assisted,74,74,1.0,18,18,1.0,1.122,0,1.0,0.0,1.0,0.0,1.0,0.0,1,1,1,1,1,1,1,1,1,2,1,1,1,2,1628976,Wendell Carter Jr.
Assisted Shot,Unassisted,18,18,1.0,0,0,0.0,1.0,0,0.0,1.0,0.0,0.0,0.0,1.0,2,2,1,2,2,2,2,1,2,1,2,1,2,1,1628976,Wendell Carter Jr.
Assisted Shot,Assisted,44,44,1.0,12,12,1.0,1.136,0,1.0,0.0,1.0,0.0,1.0,0.0,2,2,1,1,1,1,1,1,1,2,1,2,1,2,1642268,Isaiah Collier
Assisted Shot,Unassisted,62,62,1.0,6,6,1.0,1.048,0,0.0,1.0,0.0,1.0,0.0,1.0,1,1,1,2,2,1,2,1,2,1,2,1,2,1,1642268,Isaiah Collier
Assisted Shot,Assisted,29,29,1.0,7,7,1.0,1.121,0,1.0,0.0,1.0,0.0,1.0,0.0,1,1,1,1,1,1,1,1,1,2,1,1,1,2,1628381,John Collins
Assisted Shot,Unassisted,14,14,1.0,0,0,0.0,1.0,0,0.0,1.0,0.0,0.0,0.0,1.0,2,2,1,2,2,2,2,1,2,1,2,1,2,1,1628381,John Collins
Assisted Shot,Unassisted,1,1,1.0,0,0,0.0,1.0,0,0.0,1.0,0.0,0.0,0.0,1.0,1,1,1,1,1,1,1,1,1,1,1,1,1,1,1641879,Yuri Collins
Assisted Shot,Assisted,77,77,1.0,17,17,1.0,1.11,0,1.0,0.0,1.0,0.0,1.0,0.0,1,1,1,1,1,1,1,1,1,2,1,1,1,2,1628380,Zach Collins
Assisted Shot,Unassisted,14,14,1.0,0,0,0.0,1.0,0,0.0,1.0,0.0,0.0,0.0,1.0,2,2,1,2,2,2,2,1,2,1,2,1,2,1,1628380,Zach Collins
Assisted Shot,Assisted,43,43,1.0,33,33,1.0,1.384,0,1.0,0.0,1.0,0.0,1.0,0.0,1,1,1,1,1,1,1,1,1,2,1,2,1,2,201144,Mike Conley
Assisted Shot,Unassisted,22,22,1.0,9,9,1.0,1.205,0,0.0,1.0,0.0,1.0,0.0,1.0,2,2,1,2,2,1,2,1,2,1,2,1,2,1,201144,Mike Conley
Assisted Shot,Assisted,21,21,1.0,4,4,1.0,1.095,0,1.0,0.0,1.0,0.0,1.0,0.0,1,1,1,1,1,1,1,1,1,2,1,2,1,2,1626192,Pat Connaughton
Assisted Shot,Unassisted,14,14,1.0,2,2,1.0,1.071,0,0.0,1.0,0.0,1.0,0.0,1.0,2,2,1,2,2,1,2,1,2,1,2,1,2,1,1626192,Pat Connaughton
Assisted Shot,Assisted,26,26,1.0,8,8,1.0,1.154,0,1.0,0.0,1.0,0.0,1.0,0.0,1,1,1,1,1,1,1,1,1,2,1,1,1,2,1641731,Bilal Coulibaly
Assisted Shot,Unassisted,15,15,1.0,0,0,0.0,1.0,0,0.0,1.0,0.0,0.0,0.0,1.0,2,2,1,2,2,2,2,1,2,1,2,1,2,1,1641731,Bilal Coulibaly
Assisted Shot,Assisted,54,54,1.0,23,23,1.0,1.213,0,1.0,0.0,1.0,0.0,1.0,0.0,1,1,1,1,1,1,1,1,1,2,1,2,1,2,1641741,Ricky Council IV
Assisted Shot,Unassisted,27,27,1.0,1,1,1.0,1.019,0,0.0,1.0,0.0,1.0,0.0,1.0,2,2,1,2,2,1,2,1,2,1,2,1,2,1,1641741,Ricky Council IV
Assisted Shot,Assisted,13,13,1.0,7,7,1.0,1.269,0,1.0,0.0,1.0,0.0,1.0,0.0,1,1,1,1,1,1,1,1,1,2,1,1,1,2,1628470,Torrey Craig
Assisted Shot,Unassisted,1,1,1.0,0,0,0.0,1.0,0,0.0,1.0,0.0,0.0,0.0,1.0,2,2,1,2,2,2,2,1,2,1,2,1,2,1,1628470,Torrey Craig
Assisted Shot,Assisted,3,3,1.0,1,1,1.0,1.167,0,1.0,0.0,1.0,0.0,1.0,0.0,1,1,1,1,1,1,1,1,1,2,1,1,1,2,1642384,Isaiah Crawford
Assisted Shot,Unassisted,1,1,1.0,0,0,0.0,1.0,0,0.0,1.0,0.0,0.0,0.0,1.0,2,2,1,2,2,2,2,1,2,1,2,1,2,1,1642384,Isaiah Crawford
Assisted Shot,Assisted,1,1,1.0,1,1,1.0,1.5,0,0.0,0.0,1.0,0.0,1.0,0.0,1,1,1,1,1,1,1,1,1,1,1,1,1,1,203109,Jae Crowder
Assisted Shot,Assisted,76,76,1.0,22,22,1.0,1.145,0,1.0,0.0,1.0,0.0,1.0,0.0,2,2,1,1,1,1,1,1,1,2,1,2,1,2,1630595,Cade Cunningham
Assisted Shot,Unassisted,133,133,1.0,16,16,1.0,1.06,0,0.0,1.0,0.0,1.0,0.0,1.0,1,1,1,2,2,1,2,1,2,1,2,1,2,1,1630595,Cade Cunningham
Assisted Shot,Assisted,45,45,1.0,28,28,1.0,1.311,0,1.0,0.0,1.0,0.0,1.0,0.0,1,1,1,1,1,1,1,1,1,2,1,2,1,2,203552,Seth Curry
Assisted Shot,Unassisted,21,21,1.0,4,4,1.0,1.095,0,0.0,1.0,0.0,1.0,0.0,1.0,2,2,1,2,2,1,2,1,2,1,2,1,2,1,203552,Seth Curry
Assisted Shot,Assisted,131,131,1.0,81,81,1.0,1.309,0,1.0,0.0,1.0,0.0,1.0,0.0,1,1,1,1,1,1,1,1,1,2,1,2,1,2,201939,Stephen Curry
Assisted Shot,Unassisted,74,74,1.0,29,29,1.0,1.196,0,0.0,1.0,0.0,1.0,0.0,1.0,2,2,1,2,2,1,2,1,2,1,2,1,2,1,201939,Stephen Curry
Assisted Shot,Assisted,4,4,1.0,1,1,1.0,1.125,0,1.0,0.0,1.0,0.0,1.0,0.0,1,1,1,1,1,1,1,1,1,1,1,1,1,1,1642359,Pacome Dadiet
Assisted Shot,Assisted,42,42,1.0,3,3,1.0,1.036,0,1.0,0.0,1.0,0.0,1.0,0.0,1,1,1,1,1,1,2,1,1,2,1,2,1,2,203076,Anthony Davis
Assisted Shot,Unassisted,18,18,1.0,2,2,1.0,1.056,0,0.0,1.0,0.0,1.0,0.0,1.0,2,2,1,2,2,1,1,1,2,1,2,1,2,1,203076,Anthony Davis
Assisted Shot,Assisted,4,4,1.0,2,2,1.0,1.25,0,1.0,0.0,1.0,0.0,1.0,0.0,2,2,1,1,1,1,1,1,1,2,1,2,1,2,1631120,JD Davison
Assisted Shot,Unassisted,6,6,1.0,1,1,1.0,1.083,0,0.0,1.0,0.0,1.0,0.0,1.0,1,1,1,2,2,1,2,1,2,1,2,1,2,1,1631120,JD Davison
Assisted Shot,Assisted,85,85,1.0,31,31,1.0,1.182,0,1.0,0.0,1.0,0.0,1.0,0.0,2,2,1,1,1,1,1,1,1,2,1,2,1,2,201942,DeMar DeRozan
Assisted Shot,Unassisted,134,134,1.0,4,4,1.0,1.015,0,0.0,1.0,0.0,1.0,0.0,1.0,1,1,1,2,2,1,2,1,2,1,2,1,2,1,201942,DeMar DeRozan
Assisted Shot,Assisted,4,4,1.0,3,3,1.0,1.375,0,1.0,0.0,1.0,0.0,1.0,0.0,2,2,1,1,1,1,1,1,1,2,1,2,1,2,1642484,RayJ Dennis
Assisted Shot,Unassisted,6,6,1.0,2,2,1.0,1.167,0,0.0,1.0,0.0,1.0,0.0,1.0,1,1,1,2,2,1,2,1,2,1,2,1,2,1,1642484,RayJ Dennis
Assisted Shot,Assisted,82,82,1.0,62,62,1.0,1.378,0,1.0,0.0,1.0,0.0,1.0,0.0,1,1,1,1,1,1,1,1,1,2,1,2,1,2,1628978,Donte DiVincenzo
Assisted Shot,Unassisted,20,20,1.0,9,9,1.0,1.225,0,0.0,1.0,0.0,1.0,0.0,1.0,2,2,1,2,2,1,2,1,2,1,2,1,2,1,1628978,Donte DiVincenzo
Assisted Shot,Assisted,54,54,1.0,0,0,0.0,1.0,0,1.0,0.0,0.0,0.0,1.0,0.0,1,1,1,1,1,1,1,1,1,2,1,1,1,2,1631217,Moussa Diabaté
Assisted Shot,Unassisted,20,20,1.0,0,0,0.0,1.0,0,0.0,1.0,0.0,0.0,0.0,1.0,2,2,1,1,1,1,1,1,2,1,1,1,2,1,1631217,Moussa Diabaté
Assisted Shot,Assisted,15,15,1.0,11,11,1.0,1.367,0,1.0,0.0,1.0,0.0,1.0,0.0,1,1,1,1,1,1,1,1,1,2,1,2,1,2,1641711,Gradey Dick
Assisted Shot,Unassisted,3,3,1.0,1,1,1.0,1.167,0,0.0,1.0,0.0,1.0,0.0,1.0,2,2,1,2,2,1,2,1,2,1,2,1,2,1,1641711,Gradey Dick
Assisted Shot,Assisted,10,10,1.0,5,5,1.0,1.25,0,1.0,0.0,1.0,0.0,1.0,0.0,1,1,1,1,1,1,1,1,1,2,1,2,1,2,1631172,Ousmane Dieng
Assisted Shot,Unassisted,2,2,1.0,1,1,1.0,1.25,0,0.0,1.0,0.0,1.0,0.0,1.0,2,2,1,2,2,1,1,1,2,1,2,1,2,1,1631172,Ousmane Dieng
Assisted Shot,Assisted,6,6,1.0,1,1,1.0,1.083,0,1.0,0.0,1.0,0.0,1.0,0.0,2,2,1,1,1,1,1,1,1,2,1,2,1,2,1642265,Rob Dillingham
Assisted Shot,Unassisted,10,10,1.0,1,1,1.0,1.05,0,0.0,1.0,0.0,1.0,0.0,1.0,1,1,1,1,1,1,2,1,2,1,2,1,2,1,1642265,Rob Dillingham
Assisted Shot,Assisted,30,30,1.0,15,15,1.0,1.25,0,1.0,0.0,1.0,0.0,1.0,0.0,2,2,1,2,2,1,1,1,1,2,1,2,1,2,203915,Spencer Dinwiddie
Assisted Shot,Unassisted,73,73,1.0,19,19,1.0,1.13,0,0.0,1.0,0.0,1.0,0.0,1.0,1,1,1,1,1,1,2,1,2,1,2,1,2,1,203915,Spencer Dinwiddie
Assisted Shot,Assisted,70,70,1.0,40,40,1.0,1.286,0,1.0,0.0,1.0,0.0,1.0,0.0,2,2,1,2,2,1,1,1,1,2,1,2,1,2,1629029,Luka Dončić
Assisted Shot,Unassisted,164,164,1.0,58,58,1.0,1.177,0,0.0,1.0,0.0,1.0,0.0,1.0,1,1,1,1,1,1,2,1,2,1,2,1,2,1,1629029,Luka Dončić
Assisted Shot,Assisted,72,72,1.0,54,54,1.0,1.375,0,1.0,0.0,1.0,0.0,1.0,0.0,1,1,1,1,1,1,1,1,1,2,1,2,1,2,1629652,Luguentz Dort
Assisted Shot,Unassisted,10,10,1.0,2,2,1.0,1.1,0,0.0,1.0,0.0,1.0,0.0,1.0,2,2,1,2,2,1,2,1,2,1,2,1,2,1,1629652,Luguentz Dort
Assisted Shot,Assisted,4,4,1.0,0,0,0.0,1.0,0,1.0,0.0,0.0,0.0,1.0,0.0,1,1,1,2,2,2,2,1,1,2,1,2,1,2,1630245,Ayo Dosunmu
Assisted Shot,Unassisted,3,3,1.0,1,1,1.0,1.167,0,0.0,1.0,0.0,1.0,0.0,1.0,2,2,1,1,1,1,1,1,2,1,1,1,2,1,1630245,Ayo Dosunmu
Assisted Shot,Assisted,32,32,1.0,14,14,1.0,1.219,0,1.0,0.0,1.0,0.0,1.0,0.0,2,2,1,1,1,1,1,1,1,2,1,2,1,2,1630288,Jeff Dowtin Jr.
Assisted Shot,Unassisted,47,47,1.0,8,8,1.0,1.085,0,0.0,1.0,0.0,1.0,0.0,1.0,1,1,1,2,2,1,2,1,2,1,2,1,2,1,1630288,Jeff Dowtin Jr.
Assisted Shot,Assisted,3,3,1.0,0,0,0.0,1.0,0,1.0,0.0,0.0,0.0,1.0,0.0,2,2,1,1,1,1,1,1,1,2,1,1,1,2,203954,Joel Embiid
Assisted Shot,Unassisted,4,4,1.0,0,0,0.0,1.0,0,0.0,1.0,0.0,0.0,0.0,1.0,1,1,1,1,1,1,1,1,2,1,1,1,2,1,203954,Joel Embiid
Assisted Shot,Assisted,17,17,1.0,13,13,1.0,1.382,0,1.0,0.0,1.0,0.0,1.0,0.0,1,1,1,1,1,1,1,1,1,1,1,1,1,1,1630623,Tyson Etienne
Assisted Shot,Assisted,15,15,1.0,0,0,0.0,1.0,0,1.0,0.0,0.0,0.0,1.0,0.0,1,1,1,1,1,1,1,1,1,2,1,1,1,2,1629234,Drew Eubanks
Assisted Shot,Unassisted,7,7,1.0,0,0,0.0,1.0,0,0.0,1.0,0.0,0.0,0.0,1.0,2,2,1,1,1,1,1,1,2,1,1,1,2,1,1629234,Drew Eubanks
Assisted Shot,Assisted,19,19,1.0,9,9,1.0,1.237,0,1.0,0.0,1.0,0.0,1.0,0.0,1,1,1,1,1,1,1,1,1,2,1,1,1,2,1641787,Tosan Evbuomwan
Assisted Shot,Unassisted,6,6,1.0,0,0,0.0,1.0,0,0.0,1.0,0.0,0.0,0.0,1.0,2,2,1,2,2,2,2,1,2,1,2,1,2,1,1641787,Tosan Evbuomwan
Assisted Shot,Assisted,24,24,1.0,14,14,1.0,1.292,0,1.0,0.0,1.0,0.0,1.0,0.0,1,1,1,1,1,1,1,1,1,2,1,2,1,2,203957,Danté Exum
Assisted Shot,Unassisted,9,9,1.0,1,1,1.0,1.056,0,0.0,1.0,0.0,1.0,0.0,1.0,2,2,1,2,2,1,2,1,2,1,2,1,2,1,203957,Danté Exum
Assisted Shot,Assisted,101,101,1.0,45,45,1.0,1.223,0,1.0,0.0,1.0,0.0,1.0,0.0,1,1,1,1,1,1,1,1,1,2,1,2,1,2,1642271,Kyle Filipowski
Assisted Shot,Unassisted,50,50,1.0,3,3,1.0,1.03,0,0.0,1.0,0.0,1.0,0.0,1.0,2,2,1,2,2,1,2,1,2,1,2,1,2,1,1642271,Kyle Filipowski
Assisted Shot,Assisted,72,72,1.0,58,58,1.0,1.403,0,1.0,0.0,1.0,0.0,1.0,0.0,1,1,1,1,1,1,1,1,1,2,1,1,1,2,1627827,Dorian Finney-Smith
Assisted Shot,Unassisted,8,8,1.0,0,0,0.0,1.0,0,0.0,1.0,0.0,0.0,0.0,1.0,2,2,1,2,2,2,2,1,2,1,2,1,2,1,1627827,Dorian Finney-Smith
Assisted Shot,Assisted,8,8,1.0,6,6,1.0,1.375,0,1.0,0.0,1.0,0.0,1.0,0.0,1,1,1,1,1,1,1,1,1,2,1,2,1,2,1641745,Adam Flagler
Assisted Shot,Unassisted,5,5,1.0,1,1,1.0,1.1,0,0.0,1.0,0.0,1.0,0.0,1.0,2,2,1,2,2,1,2,1,2,1,2,1,2,1,1641745,Adam Flagler
Assisted Shot,Assisted,3,3,1.0,1,1,1.0,1.167,0,1.0,0.0,1.0,0.0,1.0,0.0,1,1,1,1,1,1,1,1,1,2,1,1,1,2,1630201,Malachi Flynn
Assisted Shot,Unassisted,2,2,1.0,0,0,0.0,1.0,0,0.0,1.0,0.0,0.0,0.0,1.0,2,2,1,2,2,2,2,1,2,1,2,1,2,1,1630201,Malachi Flynn
Assisted Shot,Assisted,40,40,1.0,23,23,1.0,1.288,0,1.0,0.0,1.0,0.0,1.0,0.0,1,1,1,1,1,1,1,1,1,2,1,1,1,2,1631323,Simone Fontecchio
Assisted Shot,Unassisted,8,8,1.0,0,0,0.0,1.0,0,0.0,1.0,0.0,0.0,0.0,1.0,2,2,1,2,2,2,2,1,2,1,2,1,2,1,1631323,Simone Fontecchio
Assisted Shot,Assisted,39,39,1.0,17,17,1.0,1.218,0,1.0,0.0,1.0,0.0,1.0,0.0,2,2,1,1,1,1,1,1,1,2,1,2,1,2,1628368,De'Aaron Fox
Assisted Shot,Unassisted,46,46,1.0,3,3,1.0,1.033,0,0.0,1.0,0.0,1.0,0.0,1.0,1,1,1,2,2,1,2,1,2,1,2,1,2,1,1628368,De'Aaron Fox
Assisted Shot,Assisted,2,2,1.0,0,0,0.0,1.0,0,1.0,0.0,0.0,0.0,1.0,0.0,1,1,1,1,1,1,1,1,1,2,1,1,1,2,1642402,Enrique Freeman
Assisted Shot,Unassisted,2,2,1.0,0,0,0.0,1.0,0,0.0,1.0,0.0,0.0,0.0,1.0,1,1,1,1,1,1,1,1,2,1,1,1,2,1,1642402,Enrique Freeman
Assisted Shot,Assisted,16,16,1.0,4,4,1.0,1.125,0,1.0,0.0,1.0,0.0,1.0,0.0,1,1,1,1,1,1,1,1,1,2,1,1,1,2,1628365,Markelle Fultz
Assisted Shot,Unassisted,12,12,1.0,0,0,0.0,1.0,0,0.0,1.0,0.0,0.0,0.0,1.0,2,2,1,2,2,2,2,1,2,1,2,1,2,1,1628365,Markelle Fultz
Assisted Shot,Assisted,20,20,1.0,0,0,0.0,1.0,0,1.0,0.0,0.0,0.0,1.0,0.0,1,1,1,1,1,1,1,1,1,2,1,1,1,2,1629655,Daniel Gafford
Assisted Shot,Unassisted,10,10,1.0,0,0,0.0,1.0,0,0.0,1.0,0.0,0.0,0.0,1.0,2,2,1,1,1,1,1,1,2,1,1,1,2,1,1629655,Daniel Gafford
Assisted Shot,Assisted,50,50,1.0,30,30,1.0,1.3,0,1.0,0.0,1.0,0.0,1.0,0.0,2,2,1,1,1,1,1,1,1,2,1,2,1,2,1629636,Darius Garland
Assisted Shot,Unassisted,100,100,1.0,26,26,1.0,1.13,0,0.0,1.0,0.0,1.0,0.0,1.0,1,1,1,2,2,1,2,1,2,1,2,1,2,1,1629636,Darius Garland
Assisted Shot,Assisted,13,13,1.0,5,5,1.0,1.192,0,1.0,0.0,1.0,0.0,1.0,0.0,1,1,1,1,1,1,1,1,1,2,1,1,1,2,1630568,Luka Garza
Assisted Shot,Unassisted,8,8,1.0,0,0,0.0,1.0,0,0.0,1.0,0.0,0.0,0.0,1.0,2,2,1,2,2,2,2,1,2,1,2,1,2,1,1630568,Luka Garza
Assisted Shot,Assisted,61,61,1.0,32,32,1.0,1.262,0,1.0,0.0,1.0,0.0,1.0,0.0,2,2,1,1,1,1,1,1,1,2,1,2,1,2,1641718,Keyonte George
Assisted Shot,Unassisted,64,64,1.0,31,31,1.0,1.242,0,0.0,1.0,0.0,1.0,0.0,1.0,1,1,1,2,2,1,2,1,2,1,2,1,2,1,1641718,Keyonte George
Assisted Shot,Assisted,51,51,1.0,32,32,1.0,1.314,0,1.0,0.0,1.0,0.0,1.0,0.0,1,1,1,1,1,1,1,1,1,2,1,2,1,2,1642273,Kyshawn George
Assisted Shot,Unassisted,20,20,1.0,5,5,1.0,1.125,0,0.0,1.0,0.0,1.0,0.0,1.0,2,2,1,2,2,1,2,1,2,1,2,1,2,1,1642273,Kyshawn George
Assisted Shot,Assisted,14,14,1.0,10,10,1.0,1.357,0,1.0,0.0,1.0,0.0,1.0,0.0,2,2,1,1,1,1,1,1,1,2,1,2,1,2,202331,Paul George
Assisted Shot,Unassisted,24,24,1.0,4,4,1.0,1.083,0,0.0,1.0,0.0,1.0,0.0,1.0,1,1,1,2,2,1,2,1,2,1,2,1,2,1,202331,Paul George
Assisted Shot,Assisted,11,11,1.0,0,0,0.0,1.0,0,1.0,0.0,0.0,0.0,1.0,0.0,1,1,1,1,1,1,1,1,1,2,1,1,1,2,201959,Taj Gibson
Assisted Shot,Unassisted,7,7,1.0,0,0,0.0,1.0,0,0.0,1.0,0.0,0.0,0.0,1.0,2,2,1,1,1,1,1,1,2,1,1,1,2,1,201959,Taj Gibson
Assisted Shot,Assisted,69,69,1.0,34,34,1.0,1.246,0,1.0,0.0,1.0,0.0,1.0,0.0,1,1,1,1,1,1,1,1,1,2,1,2,1,2,1630581,Josh Giddey
Assisted Shot,Unassisted,69,69,1.0,3,3,1.0,1.022,0,0.0,1.0,0.0,1.0,0.0,1.0,1,1,1,2,2,1,2,1,2,1,2,1,2,1,1630581,Josh Giddey
Assisted Shot,Assisted,53,53,1.0,20,20,1.0,1.189,0,1.0,0.0,1.0,0.0,1.0,0.0,2,2,1,2,2,1,1,1,1,2,1,2,1,2,1628983,Shai Gilgeous-Alexander
Assisted Shot,Unassisted,211,211,1.0,34,34,1.0,1.081,0,0.0,1.0,0.0,1.0,0.0,1.0,1,1,1,1,1,1,2,1,2,1,2,1,2,1,1628983,Shai Gilgeous-Alexander
Assisted Shot,Assisted,33,33,1.0,28,28,1.0,1.424,0,1.0,0.0,1.0,0.0,1.0,0.0,1,1,1,1,1,1,1,1,1,2,1,2,1,2,1631221,Collin Gillespie
Assisted Shot,Unassisted,25,25,1.0,8,8,1.0,1.16,0,0.0,1.0,0.0,1.0,0.0,1.0,2,2,1,2,2,1,2,1,2,1,2,1,2,1,1631221,Collin Gillespie
Assisted Shot,Assisted,67,67,1.0,0,0,0.0,1.0,0,1.0,0.0,0.0,0.0,1.0,0.0,1,1,1,1,1,1,1,1,1,2,1,1,1,2,203497,Rudy Gobert
Assisted Shot,Unassisted,39,39,1.0,0,0,0.0,1.0,0,0.0,1.0,0.0,0.0,0.0,1.0,2,2,1,1,1,1,1,1,2,1,1,1,2,1,203497,Rudy Gobert
Assisted Shot,Assisted,36,36,1.0,23,23,1.0,1.319,0,1.0,0.0,1.0,0.0,1.0,0.0,1,1,1,1,1,1,1,1,1,2,1,1,1,2,1630692,Jordan Goodwin
Assisted Shot,Unassisted,14,14,1.0,0,0,0.0,1.0,0,0.0,1.0,0.0,0.0,0.0,1.0,2,2,1,2,2,2,2,1,2,1,2,1,2,1,1630692,Jordan Goodwin
Assisted Shot,Assisted,89,89,1.0,36,36,1.0,1.202,0,1.0,0.0,1.0,0.0,1.0,0.0,1,1,1,1,1,1,1,1,1,2,1,2,1,2,203932,Aaron Gordon
Assisted Shot,Unassisted,40,40,1.0,3,3,1.0,1.038,0,0.0,1.0,0.0,1.0,0.0,1.0,2,2,1,2,2,1,2,1,2,1,2,1,2,1,203932,Aaron Gordon
Assisted Shot,Assisted,59,59,1.0,53,53,1.0,1.449,0,1.0,0.0,1.0,0.0,1.0,0.0,1,1,1,1,1,1,1,1,1,2,1,2,1,2,1631260,AJ Green
Assisted Shot,Unassisted,4,4,1.0,3,3,1.0,1.375,0,0.0,1.0,0.0,1.0,0.0,1.0,2,2,1,2,2,1,2,1,2,1,2,1,2,1,1631260,AJ Green
Assisted Shot,Assisted,83,83,1.0,31,31,1.0,1.187,0,1.0,0.0,1.0,0.0,1.0,0.0,1,1,1,1,1,1,1,1,1,2,1,1,1,2,203110,Draymond Green
Assisted Shot,Unassisted,11,11,1.0,0,0,0.0,1.0,0,0.0,1.0,0.0,0.0,0.0,1.0,2,2,1,2,2,2,2,1,2,1,2,1,2,1,203110,Draymond Green
Assisted Shot,Assisted,70,70,1.0,42,42,1.0,1.3,0,1.0,0.0,1.0,0.0,1.0,0.0,2,2,1,1,1,1,1,1,1,2,1,2,1,2,1630224,Jalen Green
Assisted Shot,Unassisted,126,126,1.0,36,36,1.0,1.143,0,0.0,1.0,0.0,1.0,0.0,1.0,1,1,1,2,2,1,2,1,2,1,2,1,2,1,1630224,Jalen Green
Assisted Shot,Assisted,19,19,1.0,8,8,1.0,1.211,0,1.0,0.0,1.0,0.0,1.0,0.0,1,1,1,1,1,1,1,1,1,2,1,1,1,2,1629750,Javonte Green
Assisted Shot,Unassisted,4,4,1.0,0,0,0.0,1.0,0,0.0,1.0,0.0,0.0,0.0,1.0,2,2,1,2,2,2,2,1,2,1,2,1,2,1,1629750,Javonte Green
Assisted Shot,Assisted,26,26,1.0,18,18,1.0,1.346,0,1.0,0.0,1.0,0.0,1.0,0.0,1,1,1,1,1,1,1,1,1,2,1,2,1,2,201145,Jeff Green
Assisted Shot,Unassisted,7,7,1.0,1,1,1.0,1.071,0,0.0,1.0,0.0,1.0,0.0,1.0,2,2,1,2,2,1,2,1,2,1,2,1,2,1,201145,Jeff Green
Assisted Shot,Assisted,44,44,1.0,30,30,1.0,1.341,0,1.0,0.0,1.0,0.0,1.0,0.0,1,1,1,1,1,1,1,1,1,2,1,1,1,2,1630182,Josh Green
Assisted Shot,Unassisted,8,8,1.0,0,0,0.0,1.0,0,0.0,1.0,0.0,0.0,0.0,1.0,2,2,1,2,2,2,2,1,2,1,2,1,2,1,1630182,Josh Green
Assisted Shot,Assisted,89,89,1.0,49,49,1.0,1.275,0,1.0,0.0,1.0,0.0,1.0,0.0,2,2,1,1,1,1,1,1,1,2,1,2,1,2,1629656,Quentin Grimes
Assisted Shot,Unassisted,102,102,1.0,24,24,1.0,1.118,0,0.0,1.0,0.0,1.0,0.0,1.0,1,1,1,2,2,1,2,1,2,1,2,1,2,1,1629656,Quentin Grimes
Assisted Shot,Assisted,46,46,1.0,17,17,1.0,1.185,0,1.0,0.0,1.0,0.0,1.0,0.0,1,1,1,1,1,1,1,1,1,2,1,1,1,2,1631243,Mouhamed Gueye
Assisted Shot,Unassisted,6,6,1.0,0,0,0.0,1.0,0,0.0,1.0,0.0,0.0,0.0,1.0,2,2,1,2,2,2,2,1,2,1,2,1,2,1,1631243,Mouhamed Gueye
Assisted Shot,Assisted,51,51,1.0,25,25,1.0,1.245,0,1.0,0.0,1.0,0.0,1.0,0.0,1,1,1,1,1,1,1,1,1,2,1,2,1,2,1629060,Rui Hachimura
Assisted Shot,Unassisted,14,14,1.0,1,1,1.0,1.036,0,0.0,1.0,0.0,1.0,0.0,1.0,2,2,1,2,2,1,2,1,2,1,2,1,2,1,1629060,Rui Hachimura
Assisted Shot,Assisted,58,58,1.0,31,31,1.0,1.267,0,1.0,0.0,1.0,0.0,1.0,0.0,2,2,1,2,2,1,1,1,1,2,1,2,1,2,1630169,Tyrese Haliburton
Assisted Shot,Unassisted,96,96,1.0,37,37,1.0,1.193,0,0.0,1.0,0.0,1.0,0.0,1.0,1,1,1,1,1,1,2,1,2,1,2,1,2,1,1630169,Tyrese Haliburton
Assisted Shot,Assisted,6,6,1.0,2,2,1.0,1.167,0,1.0,0.0,1.0,0.0,1.0,0.0,1,1,1,1,1,1,1,1,1,2,1,1,1,2,1641790,PJ Hall
Assisted Shot,Unassisted,2,2,1.0,0,0,0.0,1.0,0,0.0,1.0,0.0,0.0,0.0,1.0,2,2,1,2,2,2,2,1,2,1,2,1,2,1,1641790,PJ Hall
Assisted Shot,Assisted,86,86,1.0,54,54,1.0,1.314,0,1.0,0.0,1.0,0.0,1.0,0.0,1,1,1,1,1,1,1,1,1,2,1,2,1,2,203501,Tim Hardaway Jr.
Assisted Shot,Unassisted,15,15,1.0,7,7,1.0,1.233,0,0.0,1.0,0.0,1.0,0.0,1.0,2,2,1,2,2,1,2,1,2,1,2,1,2,1,203501,Tim Hardaway Jr.
Assisted Shot,Assisted,60,60,1.0,38,38,1.0,1.317,0,1.0,0.0,1.0,0.0,1.0,0.0,2,2,1,2,2,1,1,1,1,2,1,2,1,2,201935,James Harden
Assisted Shot,Unassisted,151,151,1.0,54,54,1.0,1.179,0,0.0,1.0,0.0,1.0,0.0,1.0,1,1,1,1,1,1,2,1,2,1,2,1,2,1,201935,James Harden
Assisted Shot,Assisted,29,29,1.0,19,19,1.0,1.328,0,1.0,0.0,1.0,0.0,1.0,0.0,2,2,1,1,1,1,1,1,1,2,1,2,1,2,1630702,Jaden Hardy
Assisted Shot,Unassisted,30,30,1.0,6,6,1.0,1.1,0,0.0,1.0,0.0,1.0,0.0,1.0,1,1,1,2,2,1,2,1,2,1,2,1,2,1,1630702,Jaden Hardy
Assisted Shot,Assisted,68,68,1.0,24,24,1.0,1.176,0,1.0,0.0,1.0,0.0,1.0,0.0,1,1,1,1,1,1,1,1,1,2,1,2,1,2,202699,Tobias Harris
Assisted Shot,Unassisted,42,42,1.0,2,2,1.0,1.024,0,0.0,1.0,0.0,1.0,0.0,1.0,2,2,1,2,2,1,2,1,2,1,2,1,2,1,202699,Tobias Harris
Assisted Shot,Assisted,73,73,1.0,21,21,1.0,1.144,0,1.0,0.0,1.0,0.0,1.0,0.0,1,1,1,1,1,1,1,1,1,2,1,2,1,2,1628404,Josh Hart
Assisted Shot,Unassisted,31,31,1.0,4,4,1.0,1.065,0,0.0,1.0,0.0,1.0,0.0,1.0,2,2,1,2,2,1,2,1,2,1,2,1,2,1,1628404,Josh Hart
Assisted Shot,Assisted,95,95,1.0,0,0,0.0,1.0,0,1.0,0.0,0.0,0.0,1.0,0.0,1,1,1,1,1,1,1,1,1,2,1,1,1,2,1628392,Isaiah Hartenstein
Assisted Shot,Unassisted,20,20,1.0,0,0,0.0,1.0,0,0.0,1.0,0.0,0.0,0.0,1.0,2,2,1,1,1,1,1,1,2,1,1,1,2,1,1628392,Isaiah Hartenstein
Assisted Shot,Assisted,81,81,1.0,66,66,1.0,1.407,0,1.0,0.0,1.0,0.0,1.0,0.0,1,1,1,1,1,1,1,1,1,2,1,2,1,2,1630573,Sam Hauser
Assisted Shot,Unassisted,7,7,1.0,2,2,1.0,1.143,0,0.0,1.0,0.0,1.0,0.0,1.0,2,2,1,2,2,1,2,1,2,1,2,1,2,1,1630573,Sam Hauser
Assisted Shot,Assisted,52,52,1.0,35,35,1.0,1.337,0,1.0,0.0,1.0,0.0,1.0,0.0,1,1,1,1,1,1,1,1,1,2,1,2,1,2,1641722,Jordan Hawkins
Assisted Shot,Unassisted,22,22,1.0,5,5,1.0,1.114,0,0.0,1.0,0.0,1.0,0.0,1.0,2,2,1,2,2,1,2,1,2,1,2,1,2,1,1641722,Jordan Hawkins
Assisted Shot,Assisted,78,78,1.0,0,0,0.0,1.0,0,1.0,0.0,0.0,0.0,1.0,0.0,1,1,1,1,1,1,1,1,1,2,1,1,1,2,1629637,Jaxson Hayes
Assisted Shot,Unassisted,10,10,1.0,0,0,0.0,1.0,0,0.0,1.0,0.0,0.0,0.0,1.0,2,2,1,1,1,1,1,1,2,1,1,1,2,1,1629637,Jaxson Hayes
Assisted Shot,Assisted,12,12,1.0,8,8,1.0,1.333,0,1.0,0.0,1.0,0.0,1.0,0.0,1,1,1,1,1,1,1,1,1,2,1,1,1,2,1630165,Killian Hayes
Assisted Shot,Unassisted,6,6,1.0,0,0,0.0,1.0,0,0.0,1.0,0.0,0.0,0.0,1.0,2,2,1,2,2,2,2,1,2,1,2,1,2,1,1630165,Killian Hayes
Assisted Shot,Assisted,46,46,1.0,30,30,1.0,1.326,0,1.0,0.0,1.0,0.0,1.0,0.0,1,1,1,1,1,1,1,1,1,2,1,2,1,2,1630703,Scoot Henderson
Assisted Shot,Unassisted,42,42,1.0,6,6,1.0,1.071,0,0.0,1.0,0.0,1.0,0.0,1.0,2,2,1,2,2,1,2,1,2,1,2,1,2,1,1630703,Scoot Henderson
Assisted Shot,Assisted,113,113,1.0,50,50,1.0,1.221,0,1.0,0.0,1.0,0.0,1.0,0.0,2,2,1,1,1,1,1,1,1,2,1,2,1,2,1629639,Tyler Herro
Assisted Shot,Unassisted,115,115,1.0,12,12,1.0,1.052,0,0.0,1.0,0.0,1.0,0.0,1.0,1,1,1,2,2,1,2,1,2,1,2,1,2,1,1629639,Tyler Herro
Assisted Shot,Assisted,83,83,1.0,60,60,1.0,1.361,0,1.0,0.0,1.0,0.0,1.0,0.0,1,1,1,1,1,1,1,1,1,2,1,2,1,2,1627741,Buddy Hield
Assisted Shot,Unassisted,17,17,1.0,4,4,1.0,1.118,0,0.0,1.0,0.0,1.0,0.0,1.0,2,2,1,2,2,1,2,1,2,1,2,1,2,1,1627741,Buddy Hield
Assisted Shot,Assisted,52,52,1.0,31,31,1.0,1.298,0,1.0,0.0,1.0,0.0,1.0,0.0,1,1,1,1,1,1,1,1,1,2,1,2,1,2,1629312,Haywood Highsmith
Assisted Shot,Unassisted,11,11,1.0,1,1,1.0,1.045,0,0.0,1.0,0.0,1.0,0.0,1.0,2,2,1,2,2,1,2,1,2,1,2,1,2,1,1629312,Haywood Highsmith
Assisted Shot,Assisted,38,38,1.0,30,30,1.0,1.395,0,1.0,0.0,1.0,0.0,1.0,0.0,1,1,1,1,1,1,1,1,1,2,1,2,1,2,1628988,Aaron Holiday
Assisted Shot,Unassisted,14,14,1.0,8,8,1.0,1.286,0,0.0,1.0,0.0,1.0,0.0,1.0,2,2,1,2,2,1,2,1,2,1,2,1,2,1,1628988,Aaron Holiday
Assisted Shot,Assisted,54,54,1.0,30,30,1.0,1.278,0,1.0,0.0,1.0,0.0,1.0,0.0,1,1,1,1,1,1,1,1,1,2,1,2,1,2,201950,Jrue Holiday
Assisted Shot,Unassisted,24,24,1.0,1,1,1.0,1.021,0,0.0,1.0,0.0,1.0,0.0,1.0,2,2,1,2,2,1,2,1,2,1,2,1,2,1,201950,Jrue Holiday
Assisted Shot,Assisted,46,46,1.0,7,7,1.0,1.076,0,1.0,0.0,1.0,0.0,1.0,0.0,1,1,1,1,1,1,1,1,1,2,1,1,1,2,1641842,Ronald Holland II
Assisted Shot,Unassisted,22,22,1.0,0,0,0.0,1.0,0,0.0,1.0,0.0,0.0,0.0,1.0,2,2,1,2,2,2,2,1,2,1,2,1,2,1,1641842,Ronald Holland II
Assisted Shot,Assisted,1,1,1.0,0,0,0.0,1.0,0,1.0,0.0,0.0,0.0,1.0,0.0,1,1,1,1,1,1,1,1,1,1,1,1,1,1,1631199,Ron Harper Jr.
Assisted Shot,Assisted,74,74,1.0,27,27,1.0,1.182,0,1.0,0.0,1.0,0.0,1.0,0.0,1,1,1,1,1,1,1,1,1,2,1,1,1,2,1631096,Chet Holmgren
Assisted Shot,Unassisted,28,28,1.0,0,0,0.0,1.0,0,0.0,1.0,0.0,0.0,0.0,1.0,2,2,1,2,2,2,2,1,2,1,2,1,2,1,1631096,Chet Holmgren
Assisted Shot,Assisted,15,15,1.0,8,8,1.0,1.267,0,1.0,0.0,1.0,0.0,1.0,0.0,2,2,1,1,1,1,1,1,1,2,1,2,1,2,1641720,Jalen Hood-Schifino
Assisted Shot,Unassisted,21,21,1.0,6,6,1.0,1.143,0,0.0,1.0,0.0,1.0,0.0,1.0,1,1,1,2,2,1,2,1,2,1,2,1,2,1,1641720,Jalen Hood-Schifino
Assisted Shot,Assisted,66,66,1.0,37,37,1.0,1.28,0,1.0,0.0,1.0,0.0,1.0,0.0,1,1,1,1,1,1,1,1,1,2,1,1,1,2,201143,Al Horford
Assisted Shot,Unassisted,5,5,1.0,0,0,0.0,1.0,0,0.0,1.0,0.0,0.0,0.0,1.0,2,2,1,2,2,2,2,1,2,1,2,1,2,1,201143,Al Horford
Assisted Shot,Assisted,20,20,1.0,8,8,1.0,1.2,0,1.0,0.0,1.0,0.0,1.0,0.0,2,2,1,1,1,1,1,1,1,2,1,2,1,2,1629659,Talen Horton-Tucker
Assisted Shot,Unassisted,28,28,1.0,2,2,1.0,1.036,0,0.0,1.0,0.0,1.0,0.0,1.0,1,1,1,2,2,1,2,1,2,1,2,1,2,1,1629659,Talen Horton-Tucker
Assisted Shot,Assisted,46,46,1.0,35,35,1.0,1.38,0,1.0,0.0,1.0,0.0,1.0,0.0,1,1,1,1,1,1,1,1,1,1,1,1,1,1,1631216,Caleb Houstan
Assisted Shot,Assisted,19,19,1.0,11,11,1.0,1.289,0,1.0,0.0,1.0,0.0,1.0,0.0,1,1,1,1,1,1,1,1,1,2,1,1,1,2,1641724,Jett Howard
Assisted Shot,Unassisted,8,8,1.0,0,0,0.0,1.0,0,0.0,1.0,0.0,0.0,0.0,1.0,2,2,1,2,2,2,2,1,2,1,2,1,2,1,1641724,Jett Howard
Assisted Shot,Assisted,105,105,1.0,64,64,1.0,1.305,0,1.0,0.0,1.0,0.0,1.0,0.0,1,1,1,1,1,1,1,1,1,2,1,2,1,2,1628989,Kevin Huerter
Assisted Shot,Unassisted,20,20,1.0,5,5,1.0,1.125,0,0.0,1.0,0.0,1.0,0.0,1.0,2,2,1,2,2,1,2,1,2,1,2,1,2,1,1628989,Kevin Huerter
Assisted Shot,Assisted,32,32,1.0,16,16,1.0,1.25,0,1.0,0.0,1.0,0.0,1.0,0.0,1,1,1,1,1,1,1,1,1,2,1,2,1,2,1630643,Jay Huff
Assisted Shot,Unassisted,5,5,1.0,1,1,1.0,1.1,0,0.0,1.0,0.0,1.0,0.0,1.0,2,2,1,2,2,1,2,1,2,1,2,1,2,1,1630643,Jay Huff
Assisted Shot,Assisted,6,6,1.0,0,0,0.0,1.0,0,1.0,0.0,0.0,0.0,1.0,0.0,1,1,1,1,1,1,1,1,1,2,1,1,1,2,1630574,Ariel Hukporti
Assisted Shot,Unassisted,1,1,1.0,0,0,0.0,1.0,0,0.0,1.0,0.0,0.0,0.0,1.0,2,2,1,1,1,1,1,1,2,1,1,1,2,1,1630574,Ariel Hukporti
Assisted Shot,Assisted,84,84,1.0,46,46,1.0,1.274,0,1.0,0.0,1.0,0.0,1.0,0.0,1,1,1,1,1,1,1,1,1,2,1,2,1,2,1629631,De'Andre Hunter
Assisted Shot,Unassisted,38,38,1.0,7,7,1.0,1.092,0,0.0,1.0,0.0,1.0,0.0,1.0,2,2,1,2,2,1,2,1,2,1,2,1,2,1,1629631,De'Andre Hunter
Assisted Shot,Unassisted,2,2,1.0,1,1,1.0,1.25,0,0.0,1.0,0.0,1.0,0.0,1.0,1,1,1,1,1,1,1,1,1,1,1,1,1,1,1630538,Bones Hyland
Assisted Shot,Assisted,46,46,1.0,0,0,0.0,1.0,0,1.0,0.0,0.0,0.0,1.0,0.0,1,1,1,1,1,1,1,1,1,2,1,1,1,2,1642345,Oso Ighodaro
Assisted Shot,Unassisted,5,5,1.0,0,0,0.0,1.0,0,0.0,1.0,0.0,0.0,0.0,1.0,2,2,1,1,1,1,1,1,2,1,1,1,2,1,1642345,Oso Ighodaro
Assisted Shot,Assisted,1,1,1.0,0,0,0.0,1.0,0,1.0,0.0,0.0,0.0,1.0,0.0,1,1,1,1,1,1,1,1,1,2,1,1,1,2,1631127,Harrison Ingram
Assisted Shot,Unassisted,1,1,1.0,0,0,0.0,1.0,0,0.0,1.0,0.0,0.0,0.0,1.0,1,1,1,1,1,1,1,1,2,1,1,1,2,1,1631127,Harrison Ingram
Assisted Shot,Assisted,26,26,1.0,11,11,1.0,1.212,0,1.0,0.0,1.0,0.0,1.0,0.0,1,1,1,1,1,1,1,1,1,2,1,2,1,2,202681,Kyrie Irving
Assisted Shot,Unassisted,26,26,1.0,4,4,1.0,1.077,0,0.0,1.0,0.0,1.0,0.0,1.0,1,1,1,2,2,1,2,1,2,1,2,1,2,1,202681,Kyrie Irving
Assisted Shot,Assisted,17,17,1.0,6,6,1.0,1.176,0,1.0,0.0,1.0,0.0,1.0,0.0,1,1,1,1,1,1,1,1,1,2,1,1,1,2,1628371,Jonathan Isaac
Assisted Shot,Unassisted,10,10,1.0,0,0,0.0,1.0,0,0.0,1.0,0.0,0.0,0.0,1.0,2,2,1,2,2,2,2,1,2,1,2,1,2,1,1628371,Jonathan Isaac
Assisted Shot,Assisted,22,22,1.0,15,15,1.0,1.341,0,1.0,0.0,1.0,0.0,1.0,0.0,1,1,1,1,1,1,1,1,1,2,1,2,1,2,1641713,GG Jackson
Assisted Shot,Unassisted,10,10,1.0,1,1,1.0,1.05,0,0.0,1.0,0.0,1.0,0.0,1.0,2,2,1,2,2,1,2,1,2,1,2,1,2,1,1641713,GG Jackson
Assisted Shot,Assisted,13,13,1.0,5,5,1.0,1.192,0,1.0,0.0,1.0,0.0,1.0,0.0,1,1,1,1,1,1,1,1,1,2,1,2,1,2,1631245,Quenton Jackson
Assisted Shot,Unassisted,6,6,1.0,1,1,1.0,1.083,0,0.0,1.0,0.0,1.0,0.0,1.0,2,2,1,2,2,1,2,1,2,1,2,1,2,1,1631245,Quenton Jackson
Assisted Shot,Assisted,8,8,1.0,2,2,1.0,1.125,0,1.0,0.0,1.0,0.0,1.0,0.0,1,1,1,1,1,1,1,1,1,2,1,2,1,2,1641748,Andre Jackson Jr.
Assisted Shot,Unassisted,4,4,1.0,1,1,1.0,1.125,0,0.0,1.0,0.0,1.0,0.0,1.0,2,2,1,2,2,1,1,1,2,1,2,1,2,1,1641748,Andre Jackson Jr.
Assisted Shot,Assisted,97,97,1.0,44,44,1.0,1.227,0,1.0,0.0,1.0,0.0,1.0,0.0,1,1,1,1,1,1,1,1,1,2,1,2,1,2,1628991,Jaren Jackson Jr.
Assisted Shot,Unassisted,63,63,1.0,2,2,1.0,1.016,0,0.0,1.0,0.0,1.0,0.0,1.0,2,2,1,2,2,1,2,1,2,1,2,1,2,1,1628991,Jaren Jackson Jr.
Assisted Shot,Assisted,9,9,1.0,0,0,0.0,1.0,0,1.0,0.0,0.0,0.0,1.0,0.0,1,1,1,1,1,1,1,1,1,2,1,1,1,2,1631218,Trayce Jackson-Davis
Assisted Shot,Unassisted,6,6,1.0,0,0,0.0,1.0,0,0.0,1.0,0.0,0.0,0.0,1.0,2,2,1,1,1,1,1,1,2,1,1,1,2,1,1631218,Trayce Jackson-Davis
Assisted Shot,Assisted,11,11,1.0,5,5,1.0,1.227,0,1.0,0.0,1.0,0.0,1.0,0.0,1,1,1,1,1,1,1,1,1,2,1,2,1,2,1642355,Bronny James
Assisted Shot,Unassisted,3,3,1.0,1,1,1.0,1.167,0,0.0,1.0,0.0,1.0,0.0,1.0,2,2,1,2,2,1,2,1,2,1,2,1,2,1,1642355,Bronny James
Assisted Shot,Assisted,102,102,1.0,36,36,1.0,1.176,0,1.0,0.0,1.0,0.0,1.0,0.0,1,1,1,1,1,1,1,1,1,2,1,2,1,2,2544,LeBron James
Assisted Shot,Unassisted,101,101,1.0,6,6,1.0,1.03,0,0.0,1.0,0.0,1.0,0.0,1.0,2,2,1,2,2,1,2,1,2,1,2,1,2,1,2544,LeBron James
Assisted Shot,Assisted,35,35,1.0,10,10,1.0,1.143,0,1.0,0.0,1.0,0.0,1.0,0.0,1,1,1,1,1,1,1,1,1,2,1,1,1,2,1631170,Jaime Jaquez Jr.
Assisted Shot,Unassisted,25,25,1.0,0,0,0.0,1.0,0,0.0,1.0,0.0,0.0,0.0,1.0,2,2,1,2,2,2,2,1,2,1,2,1,2,1,1631170,Jaime Jaquez Jr.
Assisted Shot,Assisted,65,65,1.0,37,37,1.0,1.285,0,1.0,0.0,1.0,0.0,1.0,0.0,1,1,1,1,1,1,1,1,1,2,1,2,1,2,1629610,DaQuan Jeffries
Assisted Shot,Unassisted,14,14,1.0,1,1,1.0,1.036,0,0.0,1.0,0.0,1.0,0.0,1.0,2,2,1,2,2,1,2,1,2,1,2,1,2,1,1629610,DaQuan Jeffries
Assisted Shot,Assisted,36,36,1.0,16,16,1.0,1.222,0,1.0,0.0,1.0,0.0,1.0,0.0,2,2,1,2,2,1,1,1,1,2,1,2,1,2,1629660,Ty Jerome
Assisted Shot,Unassisted,75,75,1.0,22,22,1.0,1.147,0,0.0,1.0,0.0,1.0,0.0,1.0,1,1,1,1,1,1,2,1,2,1,2,1,2,1,1629660,Ty Jerome
Assisted Shot,Assisted,83,83,1.0,69,69,1.0,1.416,0,1.0,0.0,1.0,0.0,1.0,0.0,1,1,1,1,1,1,1,1,1,2,1,2,1,2,1630198,Isaiah Joe
Assisted Shot,Unassisted,12,12,1.0,5,5,1.0,1.208,0,0.0,1.0,0.0,1.0,0.0,1.0,2,2,1,2,2,1,2,1,2,1,2,1,2,1,1630198,Isaiah Joe
Assisted Shot,Assisted,40,40,1.0,13,13,1.0,1.163,0,1.0,0.0,1.0,0.0,1.0,0.0,1,1,1,1,1,1,1,1,1,2,1,2,1,2,1642358,AJ Johnson
Assisted Shot,Unassisted,31,31,1.0,7,7,1.0,1.113,0,0.0,1.0,0.0,1.0,0.0,1.0,2,2,1,2,2,1,2,1,2,1,2,1,2,1,1642358,AJ Johnson
Assisted Shot,Assisted,70,70,1.0,34,34,1.0,1.243,0,1.0,0.0,1.0,0.0,1.0,0.0,1,1,1,1,1,1,1,1,1,2,1,2,1,2,1629661,Cameron Johnson
Assisted Shot,Unassisted,37,37,1.0,4,4,1.0,1.054,0,0.0,1.0,0.0,1.0,0.0,1.0,2,2,1,2,2,1,2,1,2,1,2,1,2,1,1629661,Cameron Johnson
Assisted Shot,Assisted,107,107,1.0,30,30,1.0,1.14,0,1.0,0.0,1.0,0.0,1.0,0.0,1,1,1,1,1,1,1,1,1,2,1,2,1,2,1629640,Keldon Johnson
Assisted Shot,Unassisted,54,54,1.0,4,4,1.0,1.037,0,0.0,1.0,0.0,1.0,0.0,1.0,2,2,1,2,2,1,2,1,2,1,2,1,2,1,1629640,Keldon Johnson
Assisted Shot,Assisted,85,85,1.0,49,49,1.0,1.288,0,1.0,0.0,1.0,0.0,1.0,0.0,1,1,1,1,1,1,1,1,1,2,1,2,1,2,1630553,Keon Johnson
Assisted Shot,Unassisted,32,32,1.0,1,1,1.0,1.016,0,0.0,1.0,0.0,1.0,0.0,1.0,2,2,1,2,2,1,2,1,2,1,2,1,2,1,1630553,Keon Johnson
Assisted Shot,Assisted,6,6,1.0,2,2,1.0,1.167,0,1.0,0.0,1.0,0.0,1.0,0.0,1,1,1,1,1,1,1,1,1,2,1,1,1,2,1642352,Keshad Johnson
Assisted Shot,Unassisted,5,5,1.0,0,0,0.0,1.0,0,0.0,1.0,0.0,0.0,0.0,1.0,2,2,1,2,2,2,2,1,2,1,2,1,2,1,1642352,Keshad Johnson
Assisted Shot,Assisted,152,152,1.0,31,31,1.0,1.102,0,1.0,0.0,1.0,0.0,1.0,0.0,1,1,1,1,1,1,1,1,1,2,1,2,1,2,203999,Nikola Jokić
Assisted Shot,Unassisted,78,78,1.0,8,8,1.0,1.051,0,0.0,1.0,0.0,1.0,0.0,1.0,2,2,1,2,2,1,2,1,2,1,2,1,2,1,203999,Nikola Jokić
Assisted Shot,Assisted,31,31,1.0,11,11,1.0,1.177,0,1.0,0.0,1.0,0.0,1.0,0.0,1,1,1,1,1,1,1,1,1,2,1,2,1,2,1641732,Colby Jones
Assisted Shot,Unassisted,17,17,1.0,1,1,1.0,1.029,0,0.0,1.0,0.0,1.0,0.0,1.0,2,2,1,2,2,1,2,1,2,1,2,1,2,1,1641732,Colby Jones
Assisted Shot,Assisted,19,19,1.0,7,7,1.0,1.184,0,1.0,0.0,1.0,0.0,1.0,0.0,1,1,1,1,1,1,1,1,1,2,1,1,1,2,1641794,Dillon Jones
Assisted Shot,Unassisted,4,4,1.0,0,0,0.0,1.0,0,0.0,1.0,0.0,0.0,0.0,1.0,2,2,1,2,2,2,2,1,2,1,2,1,2,1,1641794,Dillon Jones
Assisted Shot,Assisted,11,11,1.0,2,2,1.0,1.091,0,1.0,0.0,1.0,0.0,1.0,0.0,1,1,1,1,1,1,1,1,1,2,1,1,1,2,1642403,Isaac Jones
Assisted Shot,Unassisted,5,5,1.0,0,0,0.0,1.0,0,0.0,1.0,0.0,0.0,0.0,1.0,2,2,1,2,2,2,2,1,2,1,2,1,2,1,1642403,Isaac Jones
Assisted Shot,Assisted,13,13,1.0,0,0,0.0,1.0,0,1.0,0.0,0.0,0.0,1.0,0.0,1,1,1,1,1,1,1,1,1,2,1,1,1,2,1641998,Trey Jemison III
Assisted Shot,Unassisted,5,5,1.0,0,0,0.0,1.0,0,0.0,1.0,0.0,0.0,0.0,1.0,2,2,1,1,1,1,1,1,2,1,1,1,2,1,1641998,Trey Jemison III
Assisted Shot,Unassisted,3,3,1.0,0,0,0.0,1.0,0,0.0,1.0,0.0,0.0,0.0,1.0,1,1,1,1,1,1,1,1,1,1,1,1,1,1,1630222,Mason Jones
Assisted Shot,Assisted,8,8,1.0,0,0,0.0,1.0,0,1.0,0.0,0.0,0.0,1.0,0.0,1,1,1,1,1,1,1,1,1,2,1,1,1,2,1642461,Spencer Jones
Assisted Shot,Unassisted,1,1,1.0,0,0,0.0,1.0,0,0.0,1.0,0.0,0.0,0.0,1.0,2,2,1,1,1,1,1,1,2,1,1,1,2,1,1642461,Spencer Jones
Assisted Shot,Assisted,45,45,1.0,11,11,1.0,1.122,0,1.0,0.0,1.0,0.0,1.0,0.0,1,1,1,1,1,1,1,1,1,2,1,1,1,2,1630200,Tre Jones
Assisted Shot,Unassisted,30,30,1.0,0,0,0.0,1.0,0,0.0,1.0,0.0,0.0,0.0,1.0,2,2,1,2,2,2,2,1,2,1,2,1,2,1,1630200,Tre Jones
Assisted Shot,Assisted,58,58,1.0,50,50,1.0,1.431,0,1.0,0.0,1.0,0.0,1.0,0.0,1,1,1,1,1,1,1,1,1,2,1,2,1,2,1626145,Tyus Jones
Assisted Shot,Unassisted,29,29,1.0,7,7,1.0,1.121,0,0.0,1.0,0.0,1.0,0.0,1.0,2,2,1,2,2,1,2,1,2,1,2,1,2,1,1626145,Tyus Jones
Assisted Shot,Assisted,78,78,1.0,25,25,1.0,1.16,0,1.0,0.0,1.0,0.0,1.0,0.0,1,1,1,1,1,1,1,1,1,2,1,1,1,2,1627884,Derrick Jones Jr.
Assisted Shot,Unassisted,15,15,1.0,0,0,0.0,1.0,0,0.0,1.0,0.0,0.0,0.0,1.0,2,2,1,2,2,2,2,1,2,1,2,1,2,1,1627884,Derrick Jones Jr.
Assisted Shot,Unassisted,3,3,1.0,1,1,1.0,1.167,0,0.0,1.0,0.0,1.0,0.0,1.0,1,1,1,1,1,1,1,1,1,1,1,1,1,1,1642450,Daniss Jenkins
Assisted Shot,Assisted,22,22,1.0,0,0,0.0,1.0,0,1.0,0.0,0.0,0.0,1.0,0.0,1,1,1,1,1,1,1,1,1,2,1,1,1,2,201599,DeAndre Jordan
Assisted Shot,Unassisted,5,5,1.0,0,0,0.0,1.0,0,0.0,1.0,0.0,0.0,0.0,1.0,2,2,1,1,1,1,1,1,2,1,1,1,2,1,201599,DeAndre Jordan
Assisted Shot,Assisted,29,29,1.0,22,22,1.0,1.379,0,1.0,0.0,1.0,0.0,1.0,0.0,1,1,1,1,1,1,1,1,1,2,1,2,1,2,202709,Cory Joseph
Assisted Shot,Unassisted,11,11,1.0,2,2,1.0,1.091,0,0.0,1.0,0.0,1.0,0.0,1.0,2,2,1,2,2,1,2,1,2,1,2,1,2,1,202709,Cory Joseph
Assisted Shot,Assisted,3,3,1.0,1,1,1.0,1.167,0,1.0,0.0,1.0,0.0,1.0,0.0,1,1,1,1,1,1,1,1,1,2,1,2,1,2,1631107,Nikola Jović
Assisted Shot,Unassisted,3,3,1.0,1,1,1.0,1.167,0,0.0,1.0,0.0,1.0,0.0,1.0,1,1,1,1,1,1,1,1,2,1,2,1,2,1,1631107,Nikola Jović
Assisted Shot,Assisted,79,79,1.0,47,47,1.0,1.297,0,1.0,0.0,1.0,0.0,1.0,0.0,1,1,1,1,1,1,1,1,1,2,1,2,1,2,1630548,Johnny Juzang
Assisted Shot,Unassisted,27,27,1.0,5,5,1.0,1.093,0,0.0,1.0,0.0,1.0,0.0,1.0,2,2,1,2,2,1,2,1,2,1,2,1,2,1,1630548,Johnny Juzang
Assisted Shot,Assisted,2,2,1.0,2,2,1.0,1.5,0,0.0,0.0,1.0,0.0,1.0,0.0,1,1,1,1,1,1,1,1,1,1,1,2,1,2,1642530,Yuki Kawamura
Assisted Shot,Unassisted,1,1,1.0,1,1,1.0,1.5,0,0.0,0.0,0.0,1.0,0.0,1.0,2,2,1,2,2,1,1,1,1,1,2,1,2,1,1642530,Yuki Kawamura
Assisted Shot,Assisted,5,5,1.0,0,0,0.0,1.0,0,1.0,0.0,0.0,0.0,1.0,0.0,1,1,1,1,1,1,1,1,1,1,1,1,1,1,1630283,Kylor Kelley
Assisted Shot,Assisted,54,54,1.0,26,26,1.0,1.241,0,1.0,0.0,1.0,0.0,1.0,0.0,1,1,1,1,1,1,1,1,1,2,1,2,1,2,1628379,Luke Kennard
Assisted Shot,Unassisted,22,22,1.0,1,1,1.0,1.023,0,0.0,1.0,0.0,1.0,0.0,1.0,2,2,1,2,2,1,2,1,2,1,2,1,2,1,1628379,Luke Kennard
Assisted Shot,Assisted,43,43,1.0,4,4,1.0,1.047,0,1.0,0.0,1.0,0.0,1.0,0.0,1,1,1,1,1,1,1,1,1,2,1,1,1,2,1631117,Walker Kessler
Assisted Shot,Unassisted,29,29,1.0,0,0,0.0,1.0,0,0.0,1.0,0.0,0.0,0.0,1.0,2,2,1,2,2,2,2,1,2,1,2,1,2,1,1631117,Walker Kessler
Assisted Shot,Assisted,34,34,1.0,14,14,1.0,1.206,0,1.0,0.0,1.0,0.0,1.0,0.0,1,1,1,1,1,1,1,1,1,2,1,1,1,2,1641796,Pelle Larsson
Assisted Shot,Unassisted,7,7,1.0,0,0,0.0,1.0,0,0.0,1.0,0.0,0.0,0.0,1.0,2,2,1,2,2,2,2,1,2,1,2,1,2,1,1641796,Pelle Larsson
Assisted Shot,Assisted,57,57,1.0,29,29,1.0,1.254,0,1.0,0.0,1.0,0.0,1.0,0.0,1,1,1,1,1,1,1,1,1,2,1,2,1,2,1630639,A.J. Lawson
Assisted Shot,Unassisted,19,19,1.0,2,2,1.0,1.053,0,0.0,1.0,0.0,1.0,0.0,1.0,2,2,1,2,2,1,2,1,2,1,2,1,2,1,1630639,A.J. Lawson
Assisted Shot,Assisted,89,89,1.0,29,29,1.0,1.163,0,1.0,0.0,1.0,0.0,1.0,0.0,1,1,1,1,1,1,1,1,1,2,1,2,1,2,1627747,Caris LeVert
Assisted Shot,Unassisted,40,40,1.0,11,11,1.0,1.138,0,0.0,1.0,0.0,1.0,0.0,1.0,2,2,1,2,2,1,2,1,2,1,2,1,2,1,1627747,Caris LeVert
Assisted Shot,Assisted,6,6,1.0,3,3,1.0,1.25,0,1.0,0.0,1.0,0.0,1.0,0.0,1,1,1,1,1,1,1,1,1,2,1,2,1,2,1627814,Damion Lee
Assisted Shot,Unassisted,4,4,1.0,1,1,1.0,1.125,0,0.0,1.0,0.0,1.0,0.0,1.0,2,2,1,2,2,1,2,1,2,1,2,1,2,1,1627814,Damion Lee
Assisted Shot,Assisted,6,6,1.0,1,1,1.0,1.083,0,1.0,0.0,1.0,0.0,1.0,0.0,1,1,1,1,1,1,1,1,1,2,1,1,1,2,203458,Alex Len
Assisted Shot,Unassisted,2,2,1.0,0,0,0.0,1.0,0,0.0,1.0,0.0,0.0,0.0,1.0,2,2,1,2,2,2,2,1,2,1,2,1,2,1,203458,Alex Len
Assisted Shot,Assisted,104,104,1.0,36,36,1.0,1.173,0,1.0,0.0,1.0,0.0,1.0,0.0,2,2,1,1,1,1,1,1,1,2,1,2,1,2,202695,Kawhi Leonard
Assisted Shot,Unassisted,108,108,1.0,19,19,1.0,1.088,0,0.0,1.0,0.0,1.0,0.0,1.0,1,1,1,2,2,1,2,1,2,1,2,1,2,1,202695,Kawhi Leonard
Assisted Shot,Assisted,32,32,1.0,16,16,1.0,1.25,0,1.0,0.0,1.0,0.0,1.0,0.0,1,1,1,1,1,1,1,1,1,2,1,2,1,2,1641721,Maxwell Lewis
Assisted Shot,Unassisted,10,10,1.0,2,2,1.0,1.1,0,0.0,1.0,0.0,1.0,0.0,1.0,2,2,1,2,2,1,2,1,2,1,2,1,2,1,1641721,Maxwell Lewis
Assisted Shot,Assisted,1,1,1.0,0,0,0.0,1.0,0,1.0,0.0,0.0,0.0,1.0,0.0,2,2,1,1,1,1,1,1,1,2,1,1,1,2,1630604,E.J. Liddell
Assisted Shot,Unassisted,2,2,1.0,0,0,0.0,1.0,0,0.0,1.0,0.0,0.0,0.0,1.0,1,1,1,1,1,1,1,1,2,1,1,1,2,1,1630604,E.J. Liddell
Assisted Shot,Assisted,40,40,1.0,31,31,1.0,1.388,0,1.0,0.0,1.0,0.0,1.0,0.0,2,2,1,1,1,1,1,1,1,2,1,2,1,2,203081,Damian Lillard
Assisted Shot,Unassisted,54,54,1.0,13,13,1.0,1.12,0,0.0,1.0,0.0,1.0,0.0,1.0,1,1,1,2,2,1,2,1,2,1,2,1,2,1,203081,Damian Lillard
Assisted Shot,Assisted,7,7,1.0,0,0,0.0,1.0,0,1.0,0.0,0.0,0.0,1.0,0.0,1,1,1,1,1,1,1,1,1,2,1,1,1,2,1641726,Dereck Lively II
Assisted Shot,Unassisted,3,3,1.0,0,0,0.0,1.0,0,0.0,1.0,0.0,0.0,0.0,1.0,2,2,1,1,1,1,1,1,2,1,1,1,2,1,1641726,Dereck Lively II
Assisted Shot,Assisted,2,2,1.0,0,0,0.0,1.0,0,1.0,0.0,0.0,0.0,1.0,0.0,1,1,1,1,1,1,1,1,1,2,1,1,1,2,1641753,Chris Livingston
Assisted Shot,Unassisted,2,2,1.0,0,0,0.0,1.0,0,0.0,1.0,0.0,0.0,0.0,1.0,1,1,1,1,1,1,1,1,2,1,1,1,2,1,1641753,Chris Livingston
Assisted Shot,Assisted,23,23,1.0,2,2,1.0,1.043,0,1.0,0.0,1.0,0.0,1.0,0.0,1,1,1,1,1,1,1,1,1,2,1,1,1,2,1626172,Kevon Looney
Assisted Shot,Unassisted,15,15,1.0,0,0,0.0,1.0,0,0.0,1.0,0.0,0.0,0.0,1.0,2,2,1,2,2,2,2,1,2,1,2,1,2,1,1626172,Kevon Looney
Assisted Shot,Assisted,125,125,1.0,42,42,1.0,1.168,0,1.0,0.0,1.0,0.0,1.0,0.0,1,1,1,1,1,1,1,1,1,2,1,2,1,2,201572,Brook Lopez
Assisted Shot,Unassisted,32,32,1.0,1,1,1.0,1.016,0,0.0,1.0,0.0,1.0,0.0,1.0,2,2,1,2,2,1,2,1,2,1,2,1,2,1,201572,Brook Lopez
Assisted Shot,Assisted,5,5,1.0,3,3,1.0,1.3,0,1.0,0.0,1.0,0.0,1.0,0.0,1,1,1,1,1,1,1,1,1,2,1,1,1,2,201567,Kevin Love
Assisted Shot,Unassisted,1,1,1.0,0,0,0.0,1.0,0,0.0,1.0,0.0,0.0,0.0,1.0,2,2,1,2,2,2,2,1,2,1,2,1,2,1,201567,Kevin Love
Assisted Shot,Assisted,2,2,1.0,1,1,1.0,1.25,0,1.0,0.0,1.0,0.0,1.0,0.0,1,1,1,1,1,1,1,1,1,1,1,1,1,1,200768,Kyle Lowry
Assisted Shot,Assisted,54,54,1.0,26,26,1.0,1.241,0,1.0,0.0,1.0,0.0,1.0,0.0,1,1,1,1,1,1,1,1,1,2,1,1,1,2,1626168,Trey Lyles
Assisted Shot,Unassisted,7,7,1.0,0,0,0.0,1.0,0,0.0,1.0,0.0,0.0,0.0,1.0,2,2,1,2,2,2,2,1,2,1,2,1,2,1,1626168,Trey Lyles
Assisted Shot,Assisted,66,66,1.0,36,36,1.0,1.273,0,1.0,0.0,1.0,0.0,1.0,0.0,1,1,1,1,1,1,1,1,1,2,1,1,1,2,1630572,Sandro Mamukelashvili
Assisted Shot,Unassisted,22,22,1.0,0,0,0.0,1.0,0,0.0,1.0,0.0,0.0,0.0,1.0,2,2,1,2,2,2,2,1,2,1,2,1,2,1,1630572,Sandro Mamukelashvili
Assisted Shot,Assisted,69,69,1.0,29,29,1.0,1.21,0,1.0,0.0,1.0,0.0,1.0,0.0,1,1,1,1,1,1,1,1,1,2,1,2,1,2,1629611,Terance Mann
Assisted Shot,Unassisted,43,43,1.0,2,2,1.0,1.023,0,0.0,1.0,0.0,1.0,0.0,1.0,2,2,1,2,2,1,2,1,2,1,2,1,2,1,1629611,Terance Mann
Assisted Shot,Assisted,27,27,1.0,16,16,1.0,1.296,0,1.0,0.0,1.0,0.0,1.0,0.0,1,1,1,1,1,1,1,1,1,2,1,1,1,2,1628374,Lauri Markkanen
Assisted Shot,Unassisted,5,5,1.0,0,0,0.0,1.0,0,0.0,1.0,0.0,0.0,0.0,1.0,2,2,1,2,2,2,2,1,2,1,2,1,2,1,1628374,Lauri Markkanen
Assisted Shot,Assisted,16,16,1.0,3,3,1.0,1.094,0,1.0,0.0,1.0,0.0,1.0,0.0,1,1,1,1,1,1,1,1,1,2,1,1,1,2,1628998,Cody Martin
Assisted Shot,Unassisted,4,4,1.0,0,0,0.0,1.0,0,0.0,1.0,0.0,0.0,0.0,1.0,2,2,1,2,2,2,2,1,2,1,2,1,2,1,1628998,Cody Martin
Assisted Shot,Assisted,22,22,1.0,6,6,1.0,1.136,0,1.0,0.0,1.0,0.0,1.0,0.0,1,1,1,1,1,1,1,1,1,2,1,1,1,2,1641798,Jaylen Martin
Assisted Shot,Unassisted,8,8,1.0,0,0,0.0,1.0,0,0.0,1.0,0.0,0.0,0.0,1.0,2,2,1,2,2,2,2,1,2,1,2,1,2,1,1641798,Jaylen Martin
Assisted Shot,Assisted,47,47,1.0,7,7,1.0,1.074,0,1.0,0.0,1.0,0.0,1.0,0.0,1,1,1,1,1,1,1,1,1,2,1,1,1,2,1630231,KJ Martin
Assisted Shot,Unassisted,3,3,1.0,0,0,0.0,1.0,0,0.0,1.0,0.0,0.0,0.0,1.0,2,2,1,2,2,2,2,1,2,1,2,1,2,1,1630231,KJ Martin
Assisted Shot,Assisted,63,63,1.0,40,40,1.0,1.317,0,1.0,0.0,1.0,0.0,1.0,0.0,1,1,1,1,1,1,1,1,1,2,1,2,1,2,1631213,Tyrese Martin
Assisted Shot,Unassisted,25,25,1.0,5,5,1.0,1.1,0,0.0,1.0,0.0,1.0,0.0,1.0,2,2,1,2,2,1,2,1,2,1,2,1,2,1,1631213,Tyrese Martin
Assisted Shot,Assisted,10,10,1.0,8,8,1.0,1.4,0,1.0,0.0,1.0,0.0,1.0,0.0,1,1,1,1,1,1,1,1,1,1,1,1,1,1,1629726,Garrison Mathews
Assisted Shot,Assisted,50,50,1.0,14,14,1.0,1.14,0,1.0,0.0,1.0,0.0,1.0,0.0,1,1,1,1,1,1,1,1,1,2,1,2,1,2,1631097,Bennedict Mathurin
Assisted Shot,Unassisted,43,43,1.0,8,8,1.0,1.093,0,0.0,1.0,0.0,1.0,0.0,1.0,2,2,1,2,2,1,2,1,2,1,2,1,2,1,1631097,Bennedict Mathurin
Assisted Shot,Assisted,87,87,1.0,16,16,1.0,1.092,0,1.0,0.0,1.0,0.0,1.0,0.0,1,1,1,1,1,1,1,1,1,2,1,1,1,2,1631255,Karlo Matković
Assisted Shot,Unassisted,25,25,1.0,0,0,0.0,1.0,0,0.0,1.0,0.0,0.0,0.0,1.0,2,2,1,2,2,2,2,1,2,1,2,1,2,1,1631255,Karlo Matković
Assisted Shot,Assisted,18,18,1.0,5,5,1.0,1.139,0,1.0,0.0,1.0,0.0,1.0,0.0,1,1,1,1,1,1,1,1,1,2,1,2,1,2,1630178,Tyrese Maxey
Assisted Shot,Unassisted,17,17,1.0,3,3,1.0,1.088,0,0.0,1.0,0.0,1.0,0.0,1.0,2,2,1,2,2,1,2,1,2,1,2,1,2,1,1630178,Tyrese Maxey
Assisted Shot,Assisted,45,45,1.0,31,31,1.0,1.344,0,1.0,0.0,1.0,0.0,1.0,0.0,1,1,1,1,1,1,1,1,1,2,1,2,1,2,1630540,Miles McBride
Assisted Shot,Unassisted,36,36,1.0,10,10,1.0,1.139,0,0.0,1.0,0.0,1.0,0.0,1.0,2,2,1,2,2,1,2,1,2,1,2,1,2,1,1630540,Miles McBride
Assisted Shot,Assisted,50,50,1.0,27,27,1.0,1.27,0,1.0,0.0,1.0,0.0,1.0,0.0,1,1,1,1,1,1,1,1,1,2,1,2,1,2,203468,CJ McCollum
Assisted Shot,Unassisted,48,48,1.0,14,14,1.0,1.146,0,0.0,1.0,0.0,1.0,0.0,1.0,2,2,1,2,2,1,2,1,2,1,2,1,2,1,203468,CJ McCollum
Assisted Shot,Assisted,40,40,1.0,5,5,1.0,1.063,0,1.0,0.0,1.0,0.0,1.0,0.0,2,2,1,1,1,1,1,1,1,2,1,2,1,2,204456,T.J. McConnell
Assisted Shot,Unassisted,53,53,1.0,2,2,1.0,1.019,0,0.0,1.0,0.0,1.0,0.0,1.0,1,1,1,2,2,1,2,1,2,1,2,1,2,1,204456,T.J. McConnell
Assisted Shot,Assisted,1,1,1.0,0,0,0.0,1.0,0,1.0,0.0,0.0,0.0,1.0,0.0,1,1,1,1,1,1,1,1,1,2,1,1,1,2,1641755,Kevin McCullar Jr.
Assisted Shot,Unassisted,1,1,1.0,0,0,0.0,1.0,0,0.0,1.0,0.0,0.0,0.0,1.0,1,1,1,1,1,1,1,1,2,1,1,1,2,1,1641755,Kevin McCullar Jr.
Assisted Shot,Assisted,105,105,1.0,27,27,1.0,1.129,0,1.0,0.0,1.0,0.0,1.0,0.0,1,1,1,1,1,1,1,1,1,2,1,2,1,2,1630183,Jaden McDaniels
Assisted Shot,Unassisted,40,40,1.0,1,1,1.0,1.013,0,0.0,1.0,0.0,1.0,0.0,1.0,2,2,1,2,2,1,2,1,2,1,2,1,2,1,1630183,Jaden McDaniels
Assisted Shot,Assisted,14,14,1.0,13,13,1.0,1.464,0,1.0,0.0,1.0,0.0,1.0,0.0,1,1,1,1,1,1,1,1,1,1,1,1,1,1,203926,Doug McDermott
Assisted Shot,Assisted,10,10,1.0,8,8,1.0,1.4,0,1.0,0.0,1.0,0.0,1.0,0.0,1,1,1,1,1,1,1,1,1,2,1,2,1,2,1629162,Jordan McLaughlin
Assisted Shot,Unassisted,5,5,1.0,1,1,1.0,1.1,0,0.0,1.0,0.0,1.0,0.0,1.0,2,2,1,2,2,1,2,1,2,1,2,1,2,1,1629162,Jordan McLaughlin
Assisted Shot,Assisted,2,2,1.0,2,2,1.0,1.5,0,0.0,0.0,1.0,0.0,1.0,0.0,1,1,1,1,1,1,1,1,1,1,1,1,1,1,1629098,Jack McVeigh
Assisted Shot,Assisted,60,60,1.0,49,49,1.0,1.408,0,1.0,0.0,1.0,0.0,1.0,0.0,1,1,1,1,1,1,1,1,1,2,1,2,1,2,1630241,Sam Merrill
Assisted Shot,Unassisted,2,2,1.0,1,1,1.0,1.25,0,0.0,1.0,0.0,1.0,0.0,1.0,2,2,1,2,2,1,2,1,2,1,2,1,2,1,1630241,Sam Merrill
Assisted Shot,Assisted,30,30,1.0,13,13,1.0,1.217,0,1.0,0.0,1.0,0.0,1.0,0.0,1,1,1,1,1,1,1,1,1,2,1,1,1,2,203114,Khris Middleton
Assisted Shot,Unassisted,22,22,1.0,0,0,0.0,1.0,0,0.0,1.0,0.0,0.0,0.0,1.0,2,2,1,2,2,2,2,1,2,1,2,1,2,1,203114,Khris Middleton
Assisted Shot,Assisted,3,3,1.0,0,0,0.0,1.0,0,1.0,0.0,0.0,0.0,1.0,0.0,1,1,1,1,1,1,1,1,1,2,1,1,1,2,1641801,Emanuel Miller
Assisted Shot,Unassisted,1,1,1.0,0,0,0.0,1.0,0,0.0,1.0,0.0,0.0,0.0,1.0,2,2,1,1,1,1,1,1,2,1,1,1,2,1,1641801,Emanuel Miller
Assisted Shot,Assisted,24,24,1.0,10,10,1.0,1.208,0,1.0,0.0,1.0,0.0,1.0,0.0,1,1,1,1,1,1,1,1,1,2,1,1,1,2,1631111,Wendell Moore Jr.
Assisted Shot,Unassisted,12,12,1.0,0,0,0.0,1.0,0,0.0,1.0,0.0,0.0,0.0,1.0,2,2,1,2,2,2,2,1,2,1,2,1,2,1,1631111,Wendell Moore Jr.
Assisted Shot,Assisted,51,51,1.0,21,21,1.0,1.206,0,1.0,0.0,1.0,0.0,1.0,0.0,2,2,1,1,1,1,1,1,1,2,1,2,1,2,1629630,Ja Morant
Assisted Shot,Unassisted,126,126,1.0,17,17,1.0,1.067,0,0.0,1.0,0.0,1.0,0.0,1.0,1,1,1,2,2,1,2,1,2,1,2,1,2,1,1629630,Ja Morant
Assisted Shot,Assisted,10,10,1.0,4,4,1.0,1.2,0,1.0,0.0,1.0,0.0,1.0,0.0,1,1,1,1,1,1,1,1,1,2,1,1,1,2,202693,Markieff Morris
Assisted Shot,Unassisted,3,3,1.0,0,0,0.0,1.0,0,0.0,1.0,0.0,0.0,0.0,1.0,2,2,1,2,2,2,2,1,2,1,2,1,2,1,202693,Markieff Morris
Assisted Shot,Assisted,9,9,1.0,8,8,1.0,1.444,0,1.0,0.0,1.0,0.0,1.0,0.0,1,1,1,1,1,1,1,1,1,2,1,2,1,2,1628420,Monté Morris
Assisted Shot,Unassisted,5,5,1.0,1,1,1.0,1.1,0,0.0,1.0,0.0,1.0,0.0,1.0,2,2,1,2,2,1,2,1,2,1,2,1,2,1,1628420,Monté Morris
Assisted Shot,Assisted,68,68,1.0,28,28,1.0,1.206,0,1.0,0.0,1.0,0.0,1.0,0.0,1,1,1,1,1,1,1,1,1,2,1,2,1,2,1630530,Trey Murphy III
Assisted Shot,Unassisted,21,21,1.0,6,6,1.0,1.143,0,0.0,1.0,0.0,1.0,0.0,1.0,2,2,1,2,2,1,2,1,2,1,2,1,2,1,1630530,Trey Murphy III
Assisted Shot,Assisted,64,64,1.0,28,28,1.0,1.219,0,1.0,0.0,1.0,0.0,1.0,0.0,2,2,1,1,1,1,1,1,1,2,1,2,1,2,1627750,Jamal Murray
Assisted Shot,Unassisted,89,89,1.0,25,25,1.0,1.14,0,0.0,1.0,0.0,1.0,0.0,1.0,1,1,1,2,2,1,2,1,2,1,2,1,2,1,1627750,Jamal Murray
Assisted Shot,Assisted,96,96,1.0,58,58,1.0,1.302,0,1.0,0.0,1.0,0.0,1.0,0.0,1,1,1,1,1,1,1,1,1,2,1,2,1,2,1631099,Keegan Murray
Assisted Shot,Unassisted,26,26,1.0,2,2,1.0,1.038,0,0.0,1.0,0.0,1.0,0.0,1.0,2,2,1,2,2,1,2,1,2,1,2,1,2,1,1631099,Keegan Murray
Assisted Shot,Assisted,25,25,1.0,8,8,1.0,1.16,0,1.0,0.0,1.0,0.0,1.0,0.0,1,1,1,1,1,1,1,1,1,2,1,1,1,2,1631200,Kris Murray
Assisted Shot,Unassisted,17,17,1.0,0,0,0.0,1.0,0,0.0,1.0,0.0,0.0,0.0,1.0,2,2,1,2,2,2,2,1,2,1,2,1,2,1,1631200,Kris Murray
Assisted Shot,Assisted,21,21,1.0,16,16,1.0,1.381,0,1.0,0.0,1.0,0.0,1.0,0.0,1,1,1,1,1,1,1,1,1,2,1,2,1,2,1629004,Svi Mykhailiuk
Assisted Shot,Unassisted,21,21,1.0,8,8,1.0,1.19,0,0.0,1.0,0.0,1.0,0.0,1.0,1,1,1,2,2,1,2,1,2,1,2,1,2,1,1629004,Svi Mykhailiuk
Assisted Shot,Assisted,8,8,1.0,5,5,1.0,1.313,0,1.0,0.0,1.0,0.0,1.0,0.0,1,1,1,1,1,1,1,1,1,2,1,1,1,2,1631250,Pete Nance
Assisted Shot,Unassisted,1,1,1.0,0,0,0.0,1.0,0,0.0,1.0,0.0,0.0,0.0,1.0,2,2,1,2,2,2,2,1,2,1,2,1,2,1,1631250,Pete Nance
Assisted Shot,Assisted,55,55,1.0,17,17,1.0,1.155,0,1.0,0.0,1.0,0.0,1.0,0.0,1,1,1,1,1,1,1,1,1,2,1,2,1,2,1629614,Andrew Nembhard
Assisted Shot,Unassisted,48,48,1.0,6,6,1.0,1.063,0,0.0,1.0,0.0,1.0,0.0,1.0,2,2,1,2,2,1,2,1,2,1,2,1,2,1,1629614,Andrew Nembhard
Assisted Shot,Assisted,124,124,1.0,64,64,1.0,1.258,0,1.0,0.0,1.0,0.0,1.0,0.0,1,1,1,1,1,1,1,1,1,2,1,2,1,2,1630174,Aaron Nesmith
Assisted Shot,Unassisted,21,21,1.0,3,3,1.0,1.071,0,0.0,1.0,0.0,1.0,0.0,1.0,2,2,1,2,2,1,2,1,2,1,2,1,2,1,1630174,Aaron Nesmith
Assisted Shot,Assisted,96,96,1.0,66,66,1.0,1.344,0,1.0,0.0,1.0,0.0,1.0,0.0,1,1,1,1,1,1,1,1,1,2,1,2,1,2,1627777,Georges Niang
Assisted Shot,Unassisted,8,8,1.0,1,1,1.0,1.063,0,0.0,1.0,0.0,1.0,0.0,1.0,2,2,1,2,2,1,2,1,2,1,2,1,2,1,1627777,Georges Niang
Assisted Shot,Assisted,28,28,1.0,10,10,1.0,1.179,0,1.0,0.0,1.0,0.0,1.0,0.0,1,1,1,1,1,1,1,1,1,2,1,2,1,2,1630192,Zeke Nnaji
Assisted Shot,Unassisted,5,5,1.0,1,1,1.0,1.1,0,0.0,1.0,0.0,1.0,0.0,1.0,2,2,1,2,2,1,2,1,2,1,2,1,2,1,1630192,Zeke Nnaji
Assisted Shot,Assisted,2,2,1.0,2,2,1.0,1.5,0,0.0,0.0,1.0,0.0,1.0,0.0,1,1,1,1,1,1,1,1,1,1,1,1,1,1,1641936,Miles Norris
Assisted Shot,Assisted,65,65,1.0,13,13,1.0,1.1,0,1.0,0.0,1.0,0.0,1.0,0.0,1,1,1,1,1,1,1,1,1,2,1,1,1,2,203994,Jusuf Nurkić
Assisted Shot,Unassisted,26,26,1.0,0,0,0.0,1.0,0,0.0,1.0,0.0,0.0,0.0,1.0,2,2,1,2,2,2,2,1,2,1,2,1,2,1,203994,Jusuf Nurkić
Assisted Shot,Assisted,74,74,1.0,60,60,1.0,1.405,0,1.0,0.0,1.0,0.0,1.0,0.0,1,1,1,1,1,1,1,1,1,2,1,2,1,2,1626220,Royce O'Neale
Assisted Shot,Unassisted,4,4,1.0,3,3,1.0,1.375,0,0.0,1.0,0.0,1.0,0.0,1.0,2,2,1,2,2,1,2,1,2,1,2,1,2,1,1626220,Royce O'Neale
Assisted Shot,Assisted,15,15,1.0,11,11,1.0,1.367,0,1.0,0.0,1.0,0.0,1.0,0.0,1,1,1,1,1,1,1,1,1,2,1,1,1,2,1629643,Chuma Okeke
Assisted Shot,Unassisted,5,5,1.0,0,0,0.0,1.0,0,0.0,1.0,0.0,0.0,0.0,1.0,2,2,1,2,2,2,2,1,2,1,2,1,2,1,1629643,Chuma Okeke
Assisted Shot,Assisted,11,11,1.0,7,7,1.0,1.318,0,1.0,0.0,1.0,0.0,1.0,0.0,1,1,1,1,1,1,1,1,1,2,1,1,1,2,1629006,Josh Okogie
Assisted Shot,Unassisted,4,4,1.0,0,0,0.0,1.0,0,0.0,1.0,0.0,0.0,0.0,1.0,2,2,1,2,2,2,2,1,2,1,2,1,2,1,1629006,Josh Okogie
Assisted Shot,Assisted,124,124,1.0,27,27,1.0,1.109,0,1.0,0.0,1.0,0.0,1.0,0.0,1,1,1,1,1,1,1,1,1,2,1,1,1,2,1630168,Onyeka Okongwu
Assisted Shot,Unassisted,32,32,1.0,0,0,0.0,1.0,0,0.0,1.0,0.0,0.0,0.0,1.0,2,2,1,2,2,2,2,1,2,1,2,1,2,1,1630168,Onyeka Okongwu
Assisted Shot,Assisted,60,60,1.0,25,25,1.0,1.208,0,1.0,0.0,1.0,0.0,1.0,0.0,1,1,1,1,1,1,1,1,1,2,1,1,1,2,1630171,Isaac Okoro
Assisted Shot,Unassisted,8,8,1.0,0,0,0.0,1.0,0,0.0,1.0,0.0,0.0,0.0,1.0,2,2,1,2,2,2,2,1,2,1,2,1,2,1,1630171,Isaac Okoro
Assisted Shot,Assisted,43,43,1.0,11,11,1.0,1.128,0,1.0,0.0,1.0,0.0,1.0,0.0,1,1,1,1,1,1,1,1,1,2,1,2,1,2,203482,Kelly Olynyk
Assisted Shot,Unassisted,32,32,1.0,3,3,1.0,1.047,0,0.0,1.0,0.0,1.0,0.0,1.0,2,2,1,2,2,1,2,1,2,1,2,1,2,1,203482,Kelly Olynyk
Assisted Shot,Assisted,121,121,1.0,50,50,1.0,1.207,0,1.0,0.0,1.0,0.0,1.0,0.0,1,1,1,1,1,1,1,1,1,2,1,2,1,2,1629008,Michael Porter Jr.
Assisted Shot,Unassisted,34,34,1.0,4,4,1.0,1.059,0,0.0,1.0,0.0,1.0,0.0,1.0,2,2,1,2,2,1,2,1,2,1,2,1,2,1,1629008,Michael Porter Jr.
Assisted Shot,Assisted,77,77,1.0,32,32,1.0,1.208,0,1.0,0.0,1.0,0.0,1.0,0.0,1,1,1,1,1,1,1,1,1,2,1,2,1,2,204001,Kristaps Porziņģis
Assisted Shot,Unassisted,9,9,1.0,1,1,1.0,1.056,0,0.0,1.0,0.0,1.0,0.0,1.0,2,2,1,2,2,1,2,1,2,1,2,1,2,1,204001,Kristaps Porziņģis
Assisted Shot,Assisted,72,72,1.0,48,48,1.0,1.333,0,1.0,0.0,1.0,0.0,1.0,0.0,1,1,1,1,1,1,1,1,1,2,1,1,1,2,1642366,Quinten Post
Assisted Shot,Unassisted,4,4,1.0,0,0,0.0,1.0,0,0.0,1.0,0.0,0.0,0.0,1.0,2,2,1,2,2,2,2,1,2,1,2,1,2,1,1642366,Quinten Post
Assisted Shot,Assisted,19,19,1.0,9,9,1.0,1.237,0,1.0,0.0,1.0,0.0,1.0,0.0,1,1,1,1,1,1,1,1,1,2,1,1,1,2,1630695,Micah Potter
Assisted Shot,Unassisted,6,6,1.0,0,0,0.0,1.0,0,0.0,1.0,0.0,0.0,0.0,1.0,2,2,1,2,2,2,2,1,2,1,2,1,2,1,1630695,Micah Potter
Assisted Shot,Assisted,21,21,1.0,1,1,1.0,1.024,0,1.0,0.0,1.0,0.0,1.0,0.0,1,1,1,1,1,1,1,1,1,2,1,1,1,2,203939,Dwight Powell
Assisted Shot,Unassisted,7,7,1.0,0,0,0.0,1.0,0,0.0,1.0,0.0,0.0,0.0,1.0,2,2,1,2,2,2,2,1,2,1,2,1,2,1,203939,Dwight Powell
Assisted Shot,Assisted,51,51,1.0,20,20,1.0,1.196,0,1.0,0.0,1.0,0.0,1.0,0.0,1,1,1,1,1,1,1,1,1,2,1,2,1,2,1626181,Norman Powell
Assisted Shot,Unassisted,27,27,1.0,8,8,1.0,1.148,0,0.0,1.0,0.0,1.0,0.0,1.0,2,2,1,2,2,1,2,1,2,1,2,1,2,1,1626181,Norman Powell
Assisted Shot,Assisted,78,78,1.0,49,49,1.0,1.314,0,1.0,0.0,1.0,0.0,1.0,0.0,1,1,1,1,1,1,1,1,1,2,1,1,1,2,1627752,Taurean Prince
Assisted Shot,Unassisted,7,7,1.0,0,0,0.0,1.0,0,0.0,1.0,0.0,0.0,0.0,1.0,2,2,1,2,2,2,2,1,2,1,2,1,2,1,1627752,Taurean Prince
Assisted Shot,Assisted,86,86,1.0,67,67,1.0,1.39,0,1.0,0.0,1.0,0.0,1.0,0.0,1,1,1,1,1,1,1,1,1,2,1,2,1,2,1630202,Payton Pritchard
Assisted Shot,Unassisted,60,60,1.0,18,18,1.0,1.15,0,0.0,1.0,0.0,1.0,0.0,1.0,2,2,1,2,2,1,2,1,2,1,2,1,2,1,1630202,Payton Pritchard
Assisted Shot,Assisted,6,6,1.0,3,3,1.0,1.25,0,1.0,0.0,1.0,0.0,1.0,0.0,1,1,1,1,1,1,1,1,1,2,1,1,1,2,1641765,Olivier-Maxence Prosper
Assisted Shot,Unassisted,1,1,1.0,0,0,0.0,1.0,0,0.0,1.0,0.0,0.0,0.0,1.0,2,2,1,2,2,2,2,1,2,1,2,1,2,1,1641765,Olivier-Maxence Prosper
Assisted Shot,Assisted,7,7,1.0,4,4,1.0,1.286,0,1.0,0.0,1.0,0.0,1.0,0.0,2,2,1,1,1,1,1,1,1,2,1,2,1,2,1630243,Trevelin Queen
Assisted Shot,Unassisted,8,8,1.0,2,2,1.0,1.125,0,0.0,1.0,0.0,1.0,0.0,1.0,1,1,1,2,2,1,2,1,2,1,2,1,2,1,1630243,Trevelin Queen
Assisted Shot,Assisted,29,29,1.0,0,0,0.0,1.0,0,1.0,0.0,0.0,0.0,1.0,0.0,1,1,1,1,1,1,1,1,1,2,1,1,1,2,1629674,Neemias Queta
Assisted Shot,Unassisted,10,10,1.0,0,0,0.0,1.0,0,0.0,1.0,0.0,0.0,0.0,1.0,2,2,1,1,1,1,1,1,2,1,1,1,2,1,1629674,Neemias Queta
Assisted Shot,Assisted,58,58,1.0,40,40,1.0,1.345,0,1.0,0.0,1.0,0.0,1.0,0.0,1,1,1,1,1,1,1,1,1,2,1,2,1,2,1630193,Immanuel Quickley
Assisted Shot,Unassisted,47,47,1.0,10,10,1.0,1.106,0,0.0,1.0,0.0,1.0,0.0,1.0,2,2,1,2,2,1,2,1,2,1,2,1,2,1,1630193,Immanuel Quickley
Assisted Shot,Assisted,19,19,1.0,12,12,1.0,1.316,0,1.0,0.0,1.0,0.0,1.0,0.0,1,1,1,1,1,1,1,1,1,2,1,2,1,2,1631311,Lester Quinones
Assisted Shot,Unassisted,8,8,1.0,1,1,1.0,1.063,0,0.0,1.0,0.0,1.0,0.0,1.0,2,2,1,2,2,1,2,1,2,1,2,1,2,1,1631311,Lester Quinones
Assisted Shot,Assisted,80,80,1.0,31,31,1.0,1.194,0,1.0,0.0,1.0,0.0,1.0,0.0,1,1,1,1,1,1,1,1,1,2,1,2,1,2,203944,Julius Randle
Assisted Shot,Unassisted,59,59,1.0,6,6,1.0,1.051,0,0.0,1.0,0.0,1.0,0.0,1.0,2,2,1,2,2,1,2,1,2,1,2,1,2,1,203944,Julius Randle
Assisted Shot,Assisted,97,97,1.0,55,55,1.0,1.284,0,1.0,0.0,1.0,0.0,1.0,0.0,1,1,1,1,1,1,1,1,1,2,1,2,1,2,1630559,Austin Reaves
Assisted Shot,Unassisted,88,88,1.0,25,25,1.0,1.142,0,0.0,1.0,0.0,1.0,0.0,1.0,2,2,1,2,2,1,2,1,2,1,2,1,2,1,1630559,Austin Reaves
Assisted Shot,Assisted,1,1,1.0,0,0,0.0,1.0,0,1.0,0.0,0.0,0.0,1.0,0.0,1,1,1,1,1,1,1,1,1,1,1,1,1,1,1629629,Cam Reddish
Assisted Shot,Assisted,16,16,1.0,2,2,1.0,1.063,0,1.0,0.0,1.0,0.0,1.0,0.0,1,1,1,1,1,1,1,1,1,2,1,1,1,2,1630194,Paul Reed
Assisted Shot,Unassisted,5,5,1.0,0,0,0.0,1.0,0,0.0,1.0,0.0,0.0,0.0,1.0,2,2,1,2,2,2,2,1,2,1,2,1,2,1,1630194,Paul Reed
Assisted Shot,Assisted,22,22,1.0,15,15,1.0,1.341,0,1.0,0.0,1.0,0.0,1.0,0.0,1,1,1,1,1,1,1,1,1,2,1,1,1,2,1642024,Alex Reese
Assisted Shot,Unassisted,3,3,1.0,0,0,0.0,1.0,0,0.0,1.0,0.0,0.0,0.0,1.0,2,2,1,2,2,2,2,1,2,1,2,1,2,1,1642024,Alex Reese
Assisted Shot,Assisted,61,61,1.0,31,31,1.0,1.254,0,1.0,0.0,1.0,0.0,1.0,0.0,1,1,1,1,1,1,1,1,1,2,1,2,1,2,1641810,Antonio Reeves
Assisted Shot,Unassisted,13,13,1.0,4,4,1.0,1.154,0,0.0,1.0,0.0,1.0,0.0,1.0,2,2,1,2,2,1,2,1,2,1,2,1,2,1,1641810,Antonio Reeves
Assisted Shot,Assisted,92,92,1.0,47,47,1.0,1.255,0,1.0,0.0,1.0,0.0,1.0,0.0,1,1,1,1,1,1,1,1,1,2,1,2,1,2,1629675,Naz Reid
Assisted Shot,Unassisted,38,38,1.0,5,5,1.0,1.066,0,0.0,1.0,0.0,1.0,0.0,1.0,2,2,1,2,2,1,2,1,2,1,2,1,2,1,1629675,Naz Reid
Assisted Shot,Assisted,30,30,1.0,9,9,1.0,1.15,0,1.0,0.0,1.0,0.0,1.0,0.0,1,1,1,1,1,1,1,1,1,2,1,2,1,2,1631197,Jared Rhoden
Assisted Shot,Unassisted,10,10,1.0,3,3,1.0,1.15,0,0.0,1.0,0.0,1.0,0.0,1.0,2,2,1,2,2,1,1,1,2,1,2,1,2,1,1631197,Jared Rhoden
Assisted Shot,Assisted,70,70,1.0,0,0,0.0,1.0,0,1.0,0.0,0.0,0.0,1.0,0.0,1,1,1,1,1,1,1,1,1,2,1,1,1,2,1630208,Nick Richards
Assisted Shot,Unassisted,24,24,1.0,0,0,0.0,1.0,0,0.0,1.0,0.0,0.0,0.0,1.0,2,2,1,1,1,1,1,1,2,1,1,1,2,1,1630208,Nick Richards
Assisted Shot,Assisted,123,123,1.0,57,57,1.0,1.232,0,1.0,0.0,1.0,0.0,1.0,0.0,1,1,1,1,1,1,1,1,1,2,1,2,1,2,1642258,Zaccharie Risacher
Assisted Shot,Unassisted,28,28,1.0,2,2,1.0,1.036,0,0.0,1.0,0.0,1.0,0.0,1.0,2,2,1,2,2,1,2,1,2,1,2,1,2,1,1642258,Zaccharie Risacher
Assisted Shot,Assisted,84,84,1.0,58,58,1.0,1.345,0,1.0,0.0,1.0,0.0,1.0,0.0,1,1,1,1,1,1,1,1,1,2,1,2,1,2,1629130,Duncan Robinson
Assisted Shot,Unassisted,17,17,1.0,9,9,1.0,1.265,0,0.0,1.0,0.0,1.0,0.0,1.0,2,2,1,2,2,1,2,1,2,1,2,1,2,1,1629130,Duncan Robinson
Assisted Shot,Assisted,14,14,1.0,0,0,0.0,1.0,0,1.0,0.0,0.0,0.0,1.0,0.0,2,2,1,1,1,1,1,1,1,2,1,1,1,2,1629011,Mitchell Robinson
Assisted Shot,Unassisted,23,23,1.0,0,0,0.0,1.0,0,0.0,1.0,0.0,0.0,0.0,1.0,1,1,1,1,1,1,1,1,2,1,1,1,2,1,1629011,Mitchell Robinson
Assisted Shot,Assisted,63,63,1.0,15,15,1.0,1.119,0,1.0,0.0,1.0,0.0,1.0,0.0,1,1,1,1,1,1,1,1,1,2,1,1,1,2,1631115,Orlando Robinson
Assisted Shot,Unassisted,30,30,1.0,0,0,0.0,1.0,0,0.0,1.0,0.0,0.0,0.0,1.0,2,2,1,2,2,2,2,1,2,1,2,1,2,1,1631115,Orlando Robinson
Assisted Shot,Assisted,51,51,1.0,23,23,1.0,1.225,0,1.0,0.0,1.0,0.0,1.0,0.0,1,1,1,1,1,1,1,1,1,2,1,1,1,2,1630526,Jeremiah Robinson-Earl
Assisted Shot,Unassisted,12,12,1.0,0,0,0.0,1.0,0,0.0,1.0,0.0,0.0,0.0,1.0,2,2,1,2,2,2,2,1,2,1,2,1,2,1,1630526,Jeremiah Robinson-Earl
Assisted Shot,Assisted,92,92,1.0,4,4,1.0,1.022,0,1.0,0.0,1.0,0.0,1.0,0.0,1,1,1,1,1,1,1,1,1,2,1,1,1,2,1630578,Alperen Sengun
Assisted Shot,Unassisted,89,89,1.0,0,0,0.0,1.0,0,0.0,1.0,0.0,0.0,0.0,1.0,2,2,1,2,2,2,2,1,2,1,2,1,2,1,1630578,Alperen Sengun
Assisted Shot,Assisted,50,50,1.0,15,15,1.0,1.15,0,1.0,0.0,1.0,0.0,1.0,0.0,2,2,1,1,1,1,1,1,1,2,1,2,1,2,1629012,Collin Sexton
Assisted Shot,Unassisted,68,68,1.0,8,8,1.0,1.059,0,0.0,1.0,0.0,1.0,0.0,1.0,1,1,1,2,2,1,2,1,2,1,2,1,2,1,1629012,Collin Sexton
Assisted Shot,Assisted,30,30,1.0,7,7,1.0,1.117,0,1.0,0.0,1.0,0.0,1.0,0.0,1,1,1,1,1,1,1,1,1,2,1,1,1,2,1630545,Terrence Shannon Jr.
Assisted Shot,Unassisted,5,5,1.0,0,0,0.0,1.0,0,0.0,1.0,0.0,0.0,0.0,1.0,2,2,1,2,2,2,2,1,2,1,2,1,2,1,1630545,Terrence Shannon Jr.
Assisted Shot,Assisted,43,43,1.0,5,5,1.0,1.058,0,1.0,0.0,1.0,0.0,1.0,0.0,1,1,1,1,1,1,1,1,1,2,1,1,1,2,1630549,Day'Ron Sharpe
Assisted Shot,Unassisted,14,14,1.0,0,0,0.0,1.0,0,0.0,1.0,0.0,0.0,0.0,1.0,2,2,1,2,2,2,2,1,2,1,2,1,2,1,1630549,Day'Ron Sharpe
Assisted Shot,Assisted,100,100,1.0,43,43,1.0,1.215,0,1.0,0.0,1.0,0.0,1.0,0.0,1,1,1,1,1,1,1,1,1,2,1,2,1,2,1631101,Shaedon Sharpe
Assisted Shot,Unassisted,100,100,1.0,15,15,1.0,1.075,0,0.0,1.0,0.0,1.0,0.0,1.0,1,1,1,2,2,1,2,1,2,1,2,1,2,1,1631101,Shaedon Sharpe
Assisted Shot,Assisted,69,69,1.0,46,46,1.0,1.333,0,1.0,0.0,1.0,0.0,1.0,0.0,1,1,1,1,1,1,2,1,1,2,1,2,1,2,1629013,Landry Shamet
Assisted Shot,Unassisted,7,7,1.0,5,5,1.0,1.357,0,0.0,1.0,0.0,1.0,0.0,1.0,2,2,1,2,2,1,1,1,2,1,2,1,2,1,1629013,Landry Shamet
Assisted Shot,Assisted,44,44,1.0,27,27,1.0,1.307,0,1.0,0.0,1.0,0.0,1.0,0.0,2,2,1,1,1,1,1,1,1,2,1,2,1,2,1642347,Jamal Shead
Assisted Shot,Unassisted,46,46,1.0,5,5,1.0,1.054,0,0.0,1.0,0.0,1.0,0.0,1.0,1,1,1,2,2,1,2,1,2,1,2,1,2,1,1642347,Jamal Shead
Assisted Shot,Assisted,34,34,1.0,18,18,1.0,1.265,0,1.0,0.0,1.0,0.0,1.0,0.0,1,1,1,1,1,1,1,1,1,2,1,1,1,2,1641767,Ben Sheppard
Assisted Shot,Unassisted,2,2,1.0,0,0,0.0,1.0,0,0.0,1.0,0.0,0.0,0.0,1.0,2,2,1,2,2,2,2,1,2,1,2,1,2,1,1641767,Ben Sheppard
Assisted Shot,Assisted,18,18,1.0,16,16,1.0,1.444,0,1.0,0.0,1.0,0.0,1.0,0.0,1,1,1,1,1,1,1,1,1,2,1,2,1,2,1642263,Reed Sheppard
Assisted Shot,Unassisted,15,15,1.0,5,5,1.0,1.167,0,0.0,1.0,0.0,1.0,0.0,1.0,2,2,1,2,2,1,2,1,2,1,2,1,2,1,1642263,Reed Sheppard
Assisted Shot,Assisted,14,14,1.0,0,0,0.0,1.0,0,1.0,0.0,0.0,0.0,1.0,0.0,1,1,1,1,1,1,1,1,1,2,1,1,1,2,1627732,Ben Simmons
Assisted Shot,Unassisted,5,5,1.0,0,0,0.0,1.0,0,0.0,1.0,0.0,0.0,0.0,1.0,2,2,1,1,1,1,1,1,2,1,1,1,2,1,1627732,Ben Simmons
Assisted Shot,Assisted,133,133,1.0,34,34,1.0,1.128,0,1.0,0.0,1.0,0.0,1.0,0.0,1,1,1,1,1,1,1,1,1,2,1,2,1,2,1627783,Pascal Siakam
Assisted Shot,Unassisted,59,59,1.0,1,1,1.0,1.008,0,0.0,1.0,0.0,1.0,0.0,1.0,2,2,1,2,2,1,2,1,2,1,2,1,2,1,1627783,Pascal Siakam
Assisted Shot,Assisted,24,24,1.0,13,13,1.0,1.271,0,1.0,0.0,1.0,0.0,1.0,0.0,2,2,1,1,1,1,1,1,1,2,1,2,1,2,1642354,KJ Simpson
Assisted Shot,Unassisted,33,33,1.0,6,6,1.0,1.091,0,0.0,1.0,0.0,1.0,0.0,1.0,1,1,1,2,2,1,2,1,2,1,2,1,2,1,1642354,KJ Simpson
Assisted Shot,Assisted,16,16,1.0,0,0,0.0,1.0,0,1.0,0.0,0.0,0.0,1.0,0.0,1,1,1,1,1,1,1,1,1,2,1,1,1,2,1630579,Jericho Sims
Assisted Shot,Unassisted,1,1,1.0,0,0,0.0,1.0,0,0.0,1.0,0.0,0.0,0.0,1.0,2,2,1,1,1,1,1,1,2,1,1,1,2,1,1630579,Jericho Sims
Assisted Shot,Assisted,27,27,1.0,17,17,1.0,1.315,0,1.0,0.0,1.0,0.0,1.0,0.0,1,1,1,1,1,1,1,1,1,2,1,2,1,2,203935,Marcus Smart
Assisted Shot,Unassisted,21,21,1.0,3,3,1.0,1.071,0,0.0,1.0,0.0,1.0,0.0,1.0,2,2,1,2,2,1,2,1,2,1,2,1,2,1,203935,Marcus Smart
Assisted Shot,Assisted,52,52,1.0,37,37,1.0,1.356,0,1.0,0.0,1.0,0.0,1.0,0.0,2,2,1,1,1,1,1,1,1,2,1,2,1,2,1629014,Anfernee Simons
Assisted Shot,Unassisted,92,92,1.0,23,23,1.0,1.125,0,0.0,1.0,0.0,1.0,0.0,1.0,1,1,1,2,2,1,2,1,2,1,2,1,2,1,1629014,Anfernee Simons
Assisted Shot,Assisted,30,30,1.0,8,8,1.0,1.133,0,1.0,0.0,1.0,0.0,1.0,0.0,1,1,1,1,1,1,1,1,1,2,1,2,1,2,1630188,Jalen Smith
Assisted Shot,Unassisted,8,8,1.0,1,1,1.0,1.063,0,0.0,1.0,0.0,1.0,0.0,1.0,2,2,1,2,2,1,2,1,2,1,2,1,2,1,1630188,Jalen Smith
Assisted Shot,Assisted,4,4,1.0,0,0,0.0,1.0,0,1.0,0.0,0.0,0.0,1.0,0.0,1,1,1,1,1,1,1,1,1,2,1,1,1,2,1642449,Tolu Smith
Assisted Shot,Unassisted,2,2,1.0,0,0,0.0,1.0,0,0.0,1.0,0.0,0.0,0.0,1.0,2,2,1,1,1,1,1,1,2,1,1,1,2,1,1642449,Tolu Smith
Assisted Shot,Assisted,6,6,1.0,5,5,1.0,1.417,0,1.0,0.0,1.0,0.0,1.0,0.0,1,1,1,1,1,1,1,1,1,2,1,1,1,2,1641890,Tyler Smith
Assisted Shot,Unassisted,1,1,1.0,0,0,0.0,1.0,0,0.0,1.0,0.0,0.0,0.0,1.0,2,2,1,2,2,2,2,1,2,1,2,1,2,1,1641890,Tyler Smith
Assisted Shot,Assisted,79,79,1.0,41,41,1.0,1.259,0,1.0,0.0,1.0,0.0,1.0,0.0,1,1,1,1,1,1,1,1,1,2,1,2,1,2,1631095,Jabari Smith Jr.
Assisted Shot,Unassisted,33,33,1.0,1,1,1.0,1.015,0,0.0,1.0,0.0,1.0,0.0,1.0,2,2,1,2,2,1,2,1,2,1,2,1,2,1,1631095,Jabari Smith Jr.
Assisted Shot,Assisted,75,75,1.0,11,11,1.0,1.073,0,1.0,0.0,1.0,0.0,1.0,0.0,1,1,1,1,1,1,1,1,1,2,1,2,1,2,1631110,Jeremy Sochan
Assisted Shot,Unassisted,20,20,1.0,1,1,1.0,1.025,0,0.0,1.0,0.0,1.0,0.0,1.0,2,2,1,2,2,1,2,1,2,1,2,1,2,1,1631110,Jeremy Sochan
Assisted Shot,Assisted,19,19,1.0,13,13,1.0,1.342,0,1.0,0.0,1.0,0.0,1.0,0.0,1,1,1,1,1,1,1,1,1,2,1,2,1,2,1642285,Cam Spencer
Assisted Shot,Unassisted,2,2,1.0,1,1,1.0,1.25,0,0.0,1.0,0.0,1.0,0.0,1.0,2,2,1,2,2,1,2,1,2,1,2,1,2,1,1642285,Cam Spencer
Assisted Shot,Assisted,68,68,1.0,47,47,1.0,1.346,0,1.0,0.0,1.0,0.0,1.0,0.0,1,1,1,1,1,1,1,1,1,2,1,2,1,2,1641733,Nick Smith Jr.
Assisted Shot,Unassisted,54,54,1.0,11,11,1.0,1.102,0,0.0,1.0,0.0,1.0,0.0,1.0,2,2,1,2,2,1,2,1,2,1,2,1,2,1,1641733,Nick Smith Jr.
Assisted Shot,Assisted,9,9,1.0,3,3,1.0,1.167,0,1.0,0.0,1.0,0.0,1.0,0.0,1,1,1,1,1,1,1,1,1,2,1,1,1,2,1630311,Pat Spencer
Assisted Shot,Unassisted,4,4,1.0,0,0,0.0,1.0,0,0.0,1.0,0.0,0.0,0.0,1.0,2,2,1,2,2,2,2,1,2,1,2,1,2,1,1630311,Pat Spencer
Assisted Shot,Assisted,18,18,1.0,7,7,1.0,1.194,0,1.0,0.0,1.0,0.0,1.0,0.0,1,1,1,1,1,1,1,1,1,2,1,2,1,2,1630205,Lamar Stevens
Assisted Shot,Unassisted,11,11,1.0,1,1,1.0,1.045,0,0.0,1.0,0.0,1.0,0.0,1.0,2,2,1,2,2,1,2,1,2,1,2,1,2,1,1630205,Lamar Stevens
Assisted Shot,Assisted,44,44,1.0,6,6,1.0,1.068,0,1.0,0.0,1.0,0.0,1.0,0.0,1,1,1,1,1,1,1,1,1,2,1,1,1,2,1630191,Isaiah Stewart
Assisted Shot,Unassisted,12,12,1.0,0,0,0.0,1.0,0,0.0,1.0,0.0,0.0,0.0,1.0,2,2,1,2,2,2,2,1,2,1,2,1,2,1,1630191,Isaiah Stewart
Assisted Shot,Assisted,19,19,1.0,5,5,1.0,1.132,0,1.0,0.0,1.0,0.0,1.0,0.0,1,1,1,1,1,1,2,1,1,2,1,2,1,2,1631124,Julian Strawther
Assisted Shot,Unassisted,2,2,1.0,1,1,1.0,1.25,0,0.0,1.0,0.0,1.0,0.0,1.0,2,2,1,2,2,1,1,1,2,1,2,1,2,1,1631124,Julian Strawther
Assisted Shot,Assisted,76,76,1.0,56,56,1.0,1.368,0,1.0,0.0,1.0,0.0,1.0,0.0,1,1,1,1,1,1,1,1,1,2,1,2,1,2,1629622,Max Strus
Assisted Shot,Unassisted,12,12,1.0,2,2,1.0,1.083,0,0.0,1.0,0.0,1.0,0.0,1.0,2,2,1,2,2,1,2,1,2,1,2,1,2,1,1629622,Max Strus
Assisted Shot,Assisted,20,20,1.0,15,15,1.0,1.375,0,1.0,0.0,1.0,0.0,1.0,0.0,1,1,1,1,1,1,1,1,1,2,1,1,1,2,1631306,Cole Swider
Assisted Shot,Unassisted,2,2,1.0,0,0,0.0,1.0,0,0.0,1.0,0.0,0.0,0.0,1.0,2,2,1,2,2,2,2,1,2,1,2,1,2,1,1631306,Cole Swider
Assisted Shot,Assisted,11,11,1.0,7,7,1.0,1.318,0,1.0,0.0,1.0,0.0,1.0,0.0,1,1,1,1,1,1,1,1,1,2,1,1,1,2,1630256,Jae'Sean Tate
Assisted Shot,Unassisted,8,8,1.0,0,0,0.0,1.0,0,0.0,1.0,0.0,0.0,0.0,1.0,2,2,1,2,2,2,2,1,2,1,2,1,2,1,1630256,Jae'Sean Tate
Assisted Shot,Assisted,72,72,1.0,29,29,1.0,1.201,0,1.0,0.0,1.0,0.0,1.0,0.0,2,2,1,2,2,1,1,1,1,2,1,2,1,2,1628369,Jayson Tatum
Assisted Shot,Unassisted,115,115,1.0,32,32,1.0,1.139,0,0.0,1.0,0.0,1.0,0.0,1.0,1,1,1,1,1,1,2,1,2,1,2,1,2,1,1628369,Jayson Tatum
Assisted Shot,Assisted,11,11,1.0,5,5,1.0,1.227,0,1.0,0.0,1.0,0.0,1.0,0.0,1,1,1,1,1,1,1,1,1,2,1,1,1,2,202066,Garrett Temple
Assisted Shot,Unassisted,4,4,1.0,0,0,0.0,1.0,0,0.0,1.0,0.0,0.0,0.0,1.0,2,2,1,2,2,2,2,1,2,1,2,1,2,1,202066,Garrett Temple
Assisted Shot,Assisted,39,39,1.0,17,17,1.0,1.218,0,1.0,0.0,1.0,0.0,1.0,0.0,1,1,1,1,1,1,1,1,1,2,1,1,1,2,1631207,Dalen Terry
Assisted Shot,Unassisted,12,12,1.0,0,0,0.0,1.0,0,0.0,1.0,0.0,0.0,0.0,1.0,2,2,1,2,2,2,2,1,2,1,2,1,2,1,1631207,Dalen Terry
Assisted Shot,Assisted,21,21,1.0,9,9,1.0,1.214,0,1.0,0.0,1.0,0.0,1.0,0.0,2,2,1,1,1,1,1,1,1,2,1,2,1,2,1630560,Cam Thomas
Assisted Shot,Unassisted,27,27,1.0,5,5,1.0,1.093,0,0.0,1.0,0.0,1.0,0.0,1.0,1,1,1,2,2,1,2,1,2,1,2,1,2,1,1630560,Cam Thomas
Assisted Shot,Assisted,16,16,1.0,6,6,1.0,1.188,0,1.0,0.0,1.0,0.0,1.0,0.0,1,1,1,1,1,1,1,1,1,2,1,1,1,2,1630531,Jaden Springer
Assisted Shot,Unassisted,7,7,1.0,0,0,0.0,1.0,0,0.0,1.0,0.0,0.0,0.0,1.0,2,2,1,2,2,2,2,1,2,1,2,1,2,1,1630531,Jaden Springer
Assisted Shot,Assisted,63,63,1.0,7,7,1.0,1.056,0,1.0,0.0,1.0,0.0,1.0,0.0,1,1,1,1,1,1,1,1,1,2,1,2,1,2,1641708,Amen Thompson
Assisted Shot,Unassisted,51,51,1.0,1,1,1.0,1.01,0,0.0,1.0,0.0,1.0,0.0,1.0,2,2,1,2,2,1,2,1,2,1,2,1,2,1,1641708,Amen Thompson
Assisted Shot,Assisted,70,70,1.0,4,4,1.0,1.029,0,1.0,0.0,1.0,0.0,1.0,0.0,1,1,1,1,1,1,1,1,1,2,1,1,1,2,1641709,Ausar Thompson
Assisted Shot,Unassisted,49,49,1.0,0,0,0.0,1.0,0,0.0,1.0,0.0,0.0,0.0,1.0,2,2,1,2,2,2,2,1,2,1,2,1,2,1,1641709,Ausar Thompson
Assisted Shot,Assisted,6,6,1.0,0,0,0.0,1.0,0,1.0,0.0,0.0,0.0,1.0,0.0,1,1,1,1,1,1,1,1,1,2,1,1,1,2,202684,Tristan Thompson
Assisted Shot,Unassisted,4,4,1.0,0,0,0.0,1.0,0,0.0,1.0,0.0,0.0,0.0,1.0,2,2,1,1,1,1,1,1,2,1,1,1,2,1,202684,Tristan Thompson
Assisted Shot,Assisted,10,10,1.0,3,3,1.0,1.15,0,1.0,0.0,1.0,0.0,1.0,0.0,1,1,1,1,1,1,1,1,1,2,1,1,1,2,1630550,JT Thor
Assisted Shot,Unassisted,6,6,1.0,0,0,0.0,1.0,0,0.0,1.0,0.0,0.0,0.0,1.0,2,2,1,2,2,2,2,1,2,1,2,1,2,1,1630550,JT Thor
Assisted Shot,Assisted,33,33,1.0,21,21,1.0,1.318,0,1.0,0.0,1.0,0.0,1.0,0.0,1,1,1,1,1,1,1,1,1,2,1,1,1,2,1629680,Matisse Thybulle
Assisted Shot,Unassisted,9,9,1.0,0,0,0.0,1.0,0,0.0,1.0,0.0,0.0,0.0,1.0,2,2,1,2,2,2,2,1,2,1,2,1,2,1,1629680,Matisse Thybulle
Assisted Shot,Assisted,2,2,1.0,1,1,1.0,1.25,0,1.0,0.0,1.0,0.0,1.0,0.0,1,1,1,1,1,1,1,1,1,2,1,1,1,2,1630214,Xavier Tillman
Assisted Shot,Unassisted,1,1,1.0,0,0,0.0,1.0,0,0.0,1.0,0.0,0.0,0.0,1.0,2,2,1,2,2,2,2,1,2,1,2,1,2,1,1630214,Xavier Tillman
Assisted Shot,Assisted,7,7,1.0,2,2,1.0,1.143,0,1.0,0.0,1.0,0.0,1.0,0.0,1,1,1,1,1,1,1,1,1,2,1,1,1,2,1641772,Nae'Qwan Tomlin
Assisted Shot,Unassisted,6,6,1.0,0,0,0.0,1.0,0,0.0,1.0,0.0,0.0,0.0,1.0,2,2,1,2,2,2,2,1,2,1,2,1,2,1,1641772,Nae'Qwan Tomlin
Assisted Shot,Assisted,6,6,1.0,5,5,1.0,1.417,0,1.0,0.0,1.0,0.0,1.0,0.0,1,1,1,1,1,1,1,1,1,1,1,1,1,1,1631210,Jacob Toppin
Assisted Shot,Assisted,98,98,1.0,46,46,1.0,1.235,0,1.0,0.0,1.0,0.0,1.0,0.0,1,1,1,1,1,1,1,1,1,2,1,2,1,2,1630167,Obi Toppin
Assisted Shot,Unassisted,21,21,1.0,1,1,1.0,1.024,0,0.0,1.0,0.0,1.0,0.0,1.0,2,2,1,2,2,1,2,1,2,1,2,1,2,1,1630167,Obi Toppin
Assisted Shot,Assisted,137,137,1.0,39,39,1.0,1.142,0,1.0,0.0,1.0,0.0,1.0,0.0,1,1,1,1,1,1,1,1,1,2,1,2,1,2,1626157,Karl-Anthony Towns
Assisted Shot,Unassisted,67,67,1.0,1,1,1.0,1.007,0,0.0,1.0,0.0,1.0,0.0,1.0,2,2,1,2,2,1,2,1,2,1,2,1,2,1,1626157,Karl-Anthony Towns
Assisted Shot,Assisted,1,1,1.0,0,0,0.0,1.0,0,1.0,0.0,0.0,0.0,1.0,0.0,1,1,1,1,1,1,1,1,1,2,1,1,1,2,1631247,Luke Travers
Assisted Shot,Unassisted,1,1,1.0,0,0,0.0,1.0,0,0.0,1.0,0.0,0.0,0.0,1.0,1,1,1,1,1,1,1,1,2,1,1,1,2,1,1631247,Luke Travers
Assisted Shot,Assisted,22,22,1.0,0,0,0.0,1.0,0,1.0,0.0,0.0,0.0,1.0,0.0,1,1,1,1,1,1,1,1,1,2,1,1,1,2,1631131,Oscar Tshiebwe
Assisted Shot,Unassisted,16,16,1.0,0,0,0.0,1.0,0,0.0,1.0,0.0,0.0,0.0,1.0,2,2,1,1,1,1,1,1,2,1,1,1,2,1,1631131,Oscar Tshiebwe
Assisted Shot,Assisted,130,130,1.0,60,60,1.0,1.231,0,1.0,0.0,1.0,0.0,1.0,0.0,1,1,1,1,1,1,1,1,1,2,1,2,1,2,1626167,Myles Turner
Assisted Shot,Unassisted,13,13,1.0,2,2,1.0,1.077,0,0.0,1.0,0.0,1.0,0.0,1.0,2,2,1,2,2,1,2,1,2,1,2,1,2,1,1626167,Myles Turner
Assisted Shot,Assisted,81,81,1.0,62,62,1.0,1.383,0,1.0,0.0,1.0,0.0,1.0,0.0,1,1,1,1,1,1,1,1,1,2,1,2,1,2,1629018,Gary Trent Jr.
Assisted Shot,Unassisted,28,28,1.0,6,6,1.0,1.107,0,0.0,1.0,0.0,1.0,0.0,1.0,2,2,1,2,2,1,2,1,2,1,2,1,2,1,1629018,Gary Trent Jr.
Assisted Shot,Assisted,9,9,1.0,4,4,1.0,1.222,0,1.0,0.0,1.0,0.0,1.0,0.0,2,2,1,1,1,1,1,1,1,2,1,2,1,2,1642281,Jaylon Tyson
Assisted Shot,Unassisted,13,13,1.0,2,2,1.0,1.077,0,0.0,1.0,0.0,1.0,0.0,1.0,1,1,1,2,2,1,2,1,2,1,2,1,2,1,1642281,Jaylon Tyson
Assisted Shot,Assisted,1,1,1.0,1,1,1.0,1.5,0,0.0,0.0,1.0,0.0,1.0,0.0,1,1,1,1,1,1,1,1,1,1,1,1,1,1,1630649,Stanley Umude
Assisted Shot,Assisted,14,14,1.0,8,8,1.0,1.286,0,1.0,0.0,1.0,0.0,1.0,0.0,1,1,1,1,1,1,1,1,1,2,1,1,1,2,1641816,Hunter Tyson
Assisted Shot,Unassisted,4,4,1.0,0,0,0.0,1.0,0,0.0,1.0,0.0,0.0,0.0,1.0,2,2,1,2,2,2,2,1,2,1,2,1,2,1,1641816,Hunter Tyson
Assisted Shot,Assisted,28,28,1.0,23,23,1.0,1.411,0,1.0,0.0,1.0,0.0,1.0,0.0,2,2,1,1,1,1,1,1,1,2,1,2,1,2,1627832,Fred VanVleet
Assisted Shot,Unassisted,32,32,1.0,16,16,1.0,1.25,0,0.0,1.0,0.0,1.0,0.0,1.0,1,1,1,2,2,1,2,1,2,1,2,1,2,1,1627832,Fred VanVleet
Assisted Shot,Assisted,56,56,1.0,1,1,1.0,1.009,0,1.0,0.0,1.0,0.0,1.0,0.0,1,1,1,1,1,1,1,1,1,2,1,1,1,2,202685,Jonas Valančiūnas
Assisted Shot,Unassisted,45,45,1.0,0,0,0.0,1.0,0,0.0,1.0,0.0,0.0,0.0,1.0,2,2,1,2,2,2,2,1,2,1,2,1,2,1,202685,Jonas Valančiūnas
Assisted Shot,Assisted,40,40,1.0,7,7,1.0,1.088,0,1.0,0.0,1.0,0.0,1.0,0.0,1,1,1,1,1,1,1,1,1,2,1,1,1,2,1629020,Jarred Vanderbilt
Assisted Shot,Unassisted,7,7,1.0,0,0,0.0,1.0,0,0.0,1.0,0.0,0.0,0.0,1.0,2,2,1,2,2,2,2,1,2,1,2,1,2,1,1629020,Jarred Vanderbilt
Assisted Shot,Assisted,108,108,1.0,65,65,1.0,1.301,0,1.0,0.0,1.0,0.0,1.0,0.0,1,1,1,1,1,1,1,1,1,2,1,2,1,2,1630170,Devin Vassell
Assisted Shot,Unassisted,61,61,1.0,9,9,1.0,1.074,0,0.0,1.0,0.0,1.0,0.0,1.0,2,2,1,2,2,1,2,1,2,1,2,1,2,1,1630170,Devin Vassell
Assisted Shot,Assisted,58,58,1.0,47,47,1.0,1.405,0,1.0,0.0,1.0,0.0,1.0,0.0,1,1,1,1,1,1,1,1,1,2,1,2,1,2,1629216,Gabe Vincent
Assisted Shot,Unassisted,16,16,1.0,6,6,1.0,1.188,0,0.0,1.0,0.0,1.0,0.0,1.0,2,2,1,2,2,1,2,1,2,1,2,1,2,1,1629216,Gabe Vincent
Assisted Shot,Assisted,83,83,1.0,29,29,1.0,1.175,0,1.0,0.0,1.0,0.0,1.0,0.0,1,1,1,1,1,1,1,1,1,2,1,1,1,2,1641774,Tristan Vukcevic
Assisted Shot,Unassisted,10,10,1.0,0,0,0.0,1.0,0,0.0,1.0,0.0,0.0,0.0,1.0,2,2,1,2,2,2,2,1,2,1,2,1,2,1,1641774,Tristan Vukcevic
Assisted Shot,Assisted,32,32,1.0,28,28,1.0,1.438,0,1.0,0.0,1.0,0.0,1.0,0.0,1,1,1,1,1,1,1,1,1,2,1,1,1,2,1629731,Dean Wade
Assisted Shot,Unassisted,7,7,1.0,0,0,0.0,1.0,0,0.0,1.0,0.0,0.0,0.0,1.0,2,2,1,2,2,2,2,1,2,1,2,1,2,1,1629731,Dean Wade
Assisted Shot,Assisted,100,100,1.0,24,24,1.0,1.12,0,1.0,0.0,1.0,0.0,1.0,0.0,2,2,1,1,1,1,1,1,1,2,1,2,1,2,1630532,Franz Wagner
Assisted Shot,Unassisted,110,110,1.0,8,8,1.0,1.036,0,0.0,1.0,0.0,1.0,0.0,1.0,1,1,1,2,2,1,2,1,2,1,2,1,2,1,1630532,Franz Wagner
Assisted Shot,Assisted,104,104,1.0,35,35,1.0,1.168,0,1.0,0.0,1.0,0.0,1.0,0.0,1,1,1,1,1,1,1,1,1,2,1,1,1,2,202696,Nikola Vučević
Assisted Shot,Unassisted,24,24,1.0,0,0,0.0,1.0,0,0.0,1.0,0.0,0.0,0.0,1.0,2,2,1,2,2,2,2,1,2,1,2,1,2,1,202696,Nikola Vučević
Assisted Shot,Assisted,45,45,1.0,17,17,1.0,1.189,0,1.0,0.0,1.0,0.0,1.0,0.0,1,1,1,1,1,1,1,1,1,2,1,1,1,2,1631133,Jabari Walker
Assisted Shot,Unassisted,18,18,1.0,0,0,0.0,1.0,0,0.0,1.0,0.0,0.0,0.0,1.0,2,2,1,2,2,2,2,1,2,1,2,1,2,1,1631133,Jabari Walker
Assisted Shot,Assisted,61,61,1.0,35,35,1.0,1.287,0,1.0,0.0,1.0,0.0,1.0,0.0,1,1,1,1,1,1,1,1,1,2,1,2,1,2,1629022,Lonnie Walker IV
Assisted Shot,Unassisted,28,28,1.0,10,10,1.0,1.179,0,0.0,1.0,0.0,1.0,0.0,1.0,2,2,1,2,2,1,2,1,2,1,2,1,2,1,1629022,Lonnie Walker IV
Assisted Shot,Assisted,46,46,1.0,26,26,1.0,1.283,0,1.0,0.0,1.0,0.0,1.0,0.0,1,1,1,1,1,1,1,1,1,2,1,2,1,2,1641716,Jarace Walker
Assisted Shot,Unassisted,14,14,1.0,4,4,1.0,1.143,0,0.0,1.0,0.0,1.0,0.0,1.0,2,2,1,2,2,1,2,1,2,1,2,1,2,1,1641716,Jarace Walker
Assisted Shot,Assisted,4,4,1.0,3,3,1.0,1.375,0,1.0,0.0,1.0,0.0,1.0,0.0,2,2,1,1,1,1,1,1,1,2,1,2,1,2,1630811,Keaton Wallace
Assisted Shot,Unassisted,9,9,1.0,1,1,1.0,1.056,0,0.0,1.0,0.0,1.0,0.0,1.0,1,1,1,2,2,1,2,1,2,1,2,1,2,1,1630811,Keaton Wallace
Assisted Shot,Assisted,7,7,1.0,4,4,1.0,1.286,0,1.0,0.0,1.0,0.0,1.0,0.0,1,1,1,1,1,1,1,1,1,2,1,1,1,2,1641775,Jordan Walsh
Assisted Shot,Unassisted,3,3,1.0,0,0,0.0,1.0,0,0.0,1.0,0.0,0.0,0.0,1.0,2,2,1,2,2,2,2,1,2,1,2,1,2,1,1641775,Jordan Walsh
Assisted Shot,Assisted,42,42,1.0,27,27,1.0,1.321,0,1.0,0.0,1.0,0.0,1.0,0.0,1,1,1,1,1,1,1,1,1,2,1,2,1,2,1642266,Ja'Kobe Walter
Assisted Shot,Unassisted,15,15,1.0,1,1,1.0,1.033,0,0.0,1.0,0.0,1.0,0.0,1.0,2,2,1,2,2,1,2,1,2,1,2,1,2,1,1642266,Ja'Kobe Walter
Assisted Shot,Assisted,92,92,1.0,10,10,1.0,1.054,0,1.0,0.0,1.0,0.0,1.0,0.0,1,1,1,1,1,1,1,1,1,2,1,1,1,2,1642276,Kel'el Ware
Assisted Shot,Unassisted,29,29,1.0,0,0,0.0,1.0,0,0.0,1.0,0.0,0.0,0.0,1.0,2,2,1,2,2,2,2,1,2,1,2,1,2,1,1642276,Kel'el Ware
Assisted Shot,Assisted,55,55,1.0,20,20,1.0,1.182,0,1.0,0.0,1.0,0.0,1.0,0.0,1,1,1,1,1,1,1,1,1,2,1,2,1,2,1629023,P.J. Washington
Assisted Shot,Unassisted,27,27,1.0,3,3,1.0,1.056,0,0.0,1.0,0.0,1.0,0.0,1.0,2,2,1,2,2,1,2,1,2,1,2,1,2,1,1629023,P.J. Washington
Assisted Shot,Assisted,2,2,1.0,0,0,0.0,1.0,0,1.0,0.0,0.0,0.0,1.0,0.0,1,1,1,2,2,2,2,1,1,1,1,2,1,2,1631102,TyTy Washington Jr.
Assisted Shot,Unassisted,1,1,1.0,1,1,1.0,1.5,0,0.0,0.0,0.0,1.0,0.0,1.0,2,2,1,1,1,1,1,1,2,1,1,1,2,1,1631102,TyTy Washington Jr.
Assisted Shot,Assisted,15,15,1.0,14,14,1.0,1.467,0,1.0,0.0,1.0,0.0,1.0,0.0,1,1,1,1,1,1,2,1,1,1,1,2,1,2,1630322,Lindy Waters III
Assisted Shot,Unassisted,1,1,1.0,1,1,1.0,1.5,0,0.0,0.0,0.0,1.0,0.0,1.0,2,2,1,2,2,1,1,1,2,1,2,1,2,1,1630322,Lindy Waters III
Assisted Shot,Assisted,64,64,1.0,28,28,1.0,1.219,0,1.0,0.0,1.0,0.0,1.0,0.0,1,1,1,1,1,1,1,1,1,2,1,2,1,2,1641717,Cason Wallace
Assisted Shot,Unassisted,30,30,1.0,1,1,1.0,1.017,0,0.0,1.0,0.0,1.0,0.0,1.0,2,2,1,2,2,1,2,1,2,1,2,1,2,1,1641717,Cason Wallace
Assisted Shot,Assisted,3,3,1.0,0,0,0.0,1.0,0,1.0,0.0,0.0,0.0,1.0,0.0,1,1,1,1,1,1,1,1,1,2,1,1,1,2,1641817,Anton Watson
Assisted Shot,Unassisted,1,1,1.0,0,0,0.0,1.0,0,0.0,1.0,0.0,0.0,0.0,1.0,2,2,1,1,1,1,1,1,2,1,1,1,2,1,1641817,Anton Watson
Assisted Shot,Assisted,55,55,1.0,15,15,1.0,1.136,0,1.0,0.0,1.0,0.0,1.0,0.0,1,1,1,1,1,1,1,1,1,2,1,2,1,2,1631212,Peyton Watson
Assisted Shot,Unassisted,9,9,1.0,1,1,1.0,1.056,0,0.0,1.0,0.0,1.0,0.0,1.0,2,2,1,2,2,1,2,1,2,1,2,1,2,1,1631212,Peyton Watson
Assisted Shot,Assisted,42,42,1.0,16,16,1.0,1.19,0,1.0,0.0,1.0,0.0,1.0,0.0,2,2,1,1,1,1,1,1,1,2,1,2,1,2,1630570,Trendon Watford
Assisted Shot,Unassisted,61,61,1.0,1,1,1.0,1.008,0,0.0,1.0,0.0,1.0,0.0,1.0,1,1,1,2,2,1,2,1,2,1,2,1,2,1,1630570,Trendon Watford
Assisted Shot,Assisted,33,33,1.0,13,13,1.0,1.197,0,1.0,0.0,1.0,0.0,1.0,0.0,1,1,1,1,1,1,1,1,1,2,1,1,1,2,1631104,Blake Wesley
Assisted Shot,Unassisted,10,10,1.0,0,0,0.0,1.0,0,0.0,1.0,0.0,0.0,0.0,1.0,2,2,1,2,2,2,2,1,2,1,2,1,2,1,1631104,Blake Wesley
Assisted Shot,Assisted,79,79,1.0,36,36,1.0,1.228,0,1.0,0.0,1.0,0.0,1.0,0.0,1,1,1,1,1,1,1,1,1,2,1,2,1,2,201566,Russell Westbrook
Assisted Shot,Unassisted,59,59,1.0,3,3,1.0,1.025,0,0.0,1.0,0.0,1.0,0.0,1.0,2,2,1,2,2,1,2,1,2,1,2,1,2,1,201566,Russell Westbrook
Assisted Shot,Assisted,92,92,1.0,48,48,1.0,1.261,0,1.0,0.0,1.0,0.0,1.0,0.0,2,2,1,1,1,1,1,1,1,2,1,2,1,2,1629632,Coby White
Assisted Shot,Unassisted,124,124,1.0,22,22,1.0,1.089,0,0.0,1.0,0.0,1.0,0.0,1.0,1,1,1,2,2,1,2,1,2,1,2,1,2,1,1629632,Coby White
Assisted Shot,Assisted,86,86,1.0,73,73,1.0,1.424,0,1.0,0.0,1.0,0.0,1.0,0.0,1,1,1,1,1,1,1,1,1,2,1,2,1,2,1628401,Derrick White
Assisted Shot,Unassisted,52,52,1.0,19,19,1.0,1.183,0,0.0,1.0,0.0,1.0,0.0,1.0,2,2,1,2,2,1,2,1,2,1,2,1,2,1,1628401,Derrick White
Assisted Shot,Assisted,24,24,1.0,21,21,1.0,1.438,0,1.0,0.0,1.0,0.0,1.0,0.0,1,1,1,1,1,1,1,1,1,2,1,2,1,2,1641727,Dariq Whitehead
Assisted Shot,Unassisted,3,3,1.0,1,1,1.0,1.167,0,0.0,1.0,0.0,1.0,0.0,1.0,2,2,1,2,2,1,2,1,2,1,2,1,2,1,1641727,Dariq Whitehead
Assisted Shot,Assisted,27,27,1.0,14,14,1.0,1.259,0,1.0,0.0,1.0,0.0,1.0,0.0,1,1,1,1,1,1,1,1,1,2,1,2,1,2,1641715,Cam Whitmore
Assisted Shot,Unassisted,22,22,1.0,5,5,1.0,1.114,0,0.0,1.0,0.0,1.0,0.0,1.0,2,2,1,2,2,1,2,1,2,1,2,1,2,1,1641715,Cam Whitmore
Assisted Shot,Assisted,59,59,1.0,33,33,1.0,1.28,0,1.0,0.0,1.0,0.0,1.0,0.0,1,1,1,1,1,1,1,1,1,2,1,2,1,2,1642377,Jaylen Wells
Assisted Shot,Unassisted,13,13,1.0,5,5,1.0,1.192,0,0.0,1.0,0.0,1.0,0.0,1.0,2,2,1,2,2,1,2,1,2,1,2,1,2,1,1642377,Jaylen Wells
Assisted Shot,Assisted,58,58,1.0,28,28,1.0,1.241,0,1.0,0.0,1.0,0.0,1.0,0.0,1,1,1,1,1,1,1,1,1,2,1,2,1,2,203952,Andrew Wiggins
Assisted Shot,Unassisted,50,50,1.0,5,5,1.0,1.05,0,0.0,1.0,0.0,1.0,0.0,1.0,2,2,1,2,2,1,2,1,2,1,2,1,2,1,203952,Andrew Wiggins
Assisted Shot,Assisted,29,29,1.0,12,12,1.0,1.207,0,1.0,0.0,1.0,0.0,1.0,0.0,2,2,1,1,1,1,1,1,1,2,1,2,1,2,1630314,Brandon Williams
Assisted Shot,Unassisted,45,45,1.0,3,3,1.0,1.033,0,0.0,1.0,0.0,1.0,0.0,1.0,1,1,1,2,2,1,2,1,2,1,2,1,2,1,1630314,Brandon Williams
Assisted Shot,Assisted,80,80,1.0,41,41,1.0,1.256,0,1.0,0.0,1.0,0.0,1.0,0.0,1,1,1,1,1,1,1,1,1,2,1,2,1,2,1630598,Aaron Wiggins
Assisted Shot,Unassisted,43,43,1.0,6,6,1.0,1.07,0,0.0,1.0,0.0,1.0,0.0,1.0,2,2,1,2,2,1,2,1,2,1,2,1,2,1,1630598,Aaron Wiggins
Assisted Shot,Assisted,33,33,1.0,19,19,1.0,1.288,0,1.0,0.0,1.0,0.0,1.0,0.0,1,1,1,1,1,1,1,1,1,2,1,1,1,2,1642262,Cody Williams
Assisted Shot,Unassisted,12,12,1.0,0,0,0.0,1.0,0,0.0,1.0,0.0,0.0,0.0,1.0,2,2,1,2,2,2,2,1,2,1,2,1,2,1,1642262,Cody Williams
Assisted Shot,Assisted,40,40,1.0,32,32,1.0,1.4,0,1.0,0.0,1.0,0.0,1.0,0.0,1,1,1,1,1,1,1,1,1,2,1,1,1,2,1631119,Jaylin Williams
Assisted Shot,Unassisted,5,5,1.0,0,0,0.0,1.0,0,0.0,1.0,0.0,0.0,0.0,1.0,2,2,1,2,2,2,2,1,2,1,2,1,2,1,1631119,Jaylin Williams
Assisted Shot,Assisted,48,48,1.0,26,26,1.0,1.271,0,1.0,0.0,1.0,0.0,1.0,0.0,1,1,1,1,1,1,1,1,1,2,1,1,1,2,1629026,Kenrich Williams
Assisted Shot,Unassisted,22,22,1.0,0,0,0.0,1.0,0,0.0,1.0,0.0,0.0,0.0,1.0,2,2,1,2,2,2,2,1,2,1,2,1,2,1,1629026,Kenrich Williams
Assisted Shot,Assisted,71,71,1.0,30,30,1.0,1.211,0,1.0,0.0,1.0,0.0,1.0,0.0,2,2,1,1,1,1,1,1,1,2,1,2,1,2,1631114,Jalen Williams
Assisted Shot,Unassisted,79,79,1.0,9,9,1.0,1.057,0,0.0,1.0,0.0,1.0,0.0,1.0,1,1,1,2,2,1,2,1,2,1,2,1,2,1,1631114,Jalen Williams
Assisted Shot,Assisted,27,27,1.0,15,15,1.0,1.278,0,1.0,0.0,1.0,0.0,1.0,0.0,1,1,1,1,1,1,1,1,1,2,1,2,1,2,1641783,Tristan da Silva
Assisted Shot,Unassisted,11,11,1.0,2,2,1.0,1.091,0,0.0,1.0,0.0,1.0,0.0,1.0,2,2,1,2,2,1,2,1,2,1,2,1,2,1,1641783,Tristan da Silva
Assisted Shot,Assisted,3,3,1.0,1,1,1.0,1.167,0,1.0,0.0,1.0,0.0,1.0,0.0,1,1,1,1,1,1,1,1,1,1,1,1,1,1,203967,Dario Šarić
Assisted Shot,Assisted,4,4,1.0,3,3,1.0,1.375,0,1.0,0.0,1.0,0.0,1.0,0.0,1,1,1,1,1,1,1,1,1,2,1,1,1,2,1628427,Vlatko Čančar
Assisted Shot,Unassisted,2,2,1.0,0,0,0.0,1.0,0,0.0,1.0,0.0,0.0,0.0,1.0,2,2,1,2,2,2,2,1,2,1,2,1,2,1,1628427,Vlatko Čančar
